spot	(0) Capillary endothelium	(1) Ventricular cardiomyocytes	(10) Endothelium/ pericytes/ adventia	(12) Cardiomyocytes	(14) Cells related to cardiac neural crest	(2) Fribroblast-like (AV mesenchyme related)	(3) Subepicardial cells	(4) Fribroblast-like (coronary & mediastinal vasculature related)	(5) Smooth muscle cells/ fibroblast-like	(7) Artrial cardiomyocytes	(8) Fibroblast-like (outflow tract & valve related)	(9) Epicardial cells
227_2332	0	0	0	0	0	0	2	0	0	5	0	1
227_2756	2	0	1	0	0	0	0	0	0	17	0	4
227_3180	0	0	0	0	0	0	0	0	0	16	1	6
227_3604	0	0	1	0	0	0	1	0	0	11	1	9
227_4028	0	0	0	0	0	0	0	0	1	2	0	7
227_4452	0	0	0	0	0	1	0	0	0	3	0	6
227_4876	0	0	0	0	0	0	0	0	0	0	0	3
681_1484	0	0	0	0	0	0	0	0	0	2	0	1
681_1908	0	0	0	0	0	0	1	0	0	10	0	2
681_2332	1	0	0	0	0	1	0	0	0	20	0	6
681_2756	7	0	0	0	0	0	0	0	0	16	0	0
681_3180	9	0	0	0	0	0	0	0	0	9	0	0
681_3604	4	0	0	0	0	0	0	1	0	15	0	0
681_4028	0	0	0	0	0	0	0	0	0	16	2	0
681_4452	2	0	0	1	0	0	0	0	0	20	0	0
681_4876	0	0	0	0	0	0	0	0	0	13	0	6
681_5300	0	0	0	0	0	0	0	0	0	0	0	1
1135_1060	0	0	0	0	0	0	0	1	0	3	0	0
1135_1484	0	0	0	0	0	0	0	0	0	18	0	0
1135_1908	1	0	0	0	0	0	0	0	0	10	0	0
1135_2332	6	0	0	0	0	0	0	0	0	15	0	0
1135_2756	3	0	1	0	0	0	0	0	0	17	0	0
1135_3180	2	0	1	1	0	0	0	0	0	20	0	0
1135_3604	2	0	0	0	0	0	0	0	0	12	0	0
1135_4028	3	0	0	0	0	0	0	0	0	7	2	0
1135_4452	4	0	0	0	0	0	0	0	0	1	0	0
1135_4876	2	0	2	0	0	1	0	0	0	17	0	0
1135_5300	0	0	0	0	0	0	0	0	0	11	0	3
1135_8692	0	0	0	0	0	0	1	0	0	0	0	2
1135_9116	0	0	0	0	0	0	0	0	0	0	0	2
1135_9540	0	0	0	0	0	0	1	0	1	0	2	2
1135_9964	1	0	2	0	0	0	2	1	1	0	2	1
1135_10388	2	0	1	0	0	2	1	2	0	0	3	1
1135_10812	0	0	0	0	0	0	3	1	0	0	1	1
1135_11236	0	0	0	0	0	0	0	0	0	0	0	2
1589_1060	0	0	0	0	0	0	0	0	0	9	0	1
1589_1484	1	0	1	0	0	0	0	0	0	19	0	0
1589_1908	4	0	1	0	0	0	0	0	0	12	0	0
1589_2332	1	0	1	0	0	0	0	0	0	16	0	0
1589_2756	6	0	1	0	0	0	0	0	0	25	0	0
1589_3180	0	0	0	0	0	0	0	0	0	2	0	0
1589_3604	1	0	0	0	0	0	0	0	0	1	0	0
1589_4028	0	0	1	0	0	0	0	0	0	0	0	0
1589_4452	0	0	0	1	0	0	0	0	0	0	0	0
1589_4876	0	0	0	0	0	1	0	0	0	18	0	0
1589_5300	0	0	1	0	0	1	0	0	1	16	0	2
1589_5724	0	0	0	0	0	0	0	0	0	1	0	4
1589_7420	0	0	0	0	0	0	0	0	0	0	1	0
1589_8692	0	4	1	2	0	0	3	0	0	2	0	0
1589_9116	1	5	0	8	0	1	9	5	0	3	3	1
1589_9540	0	9	0	10	0	0	3	3	0	1	2	0
1589_9964	0	7	0	6	0	1	0	2	0	3	1	0
1589_10388	2	4	2	8	0	0	0	2	0	0	2	0
1589_10812	0	2	1	3	0	1	2	3	0	1	1	0
1589_11236	1	2	3	9	0	0	0	1	0	1	3	1
1589_11660	0	5	1	2	0	0	3	1	0	2	2	1
1589_12084	0	2	1	5	0	2	5	0	0	1	2	1
1589_12508	1	2	0	0	0	0	0	2	0	0	0	3
2043_1060	0	0	0	0	0	0	0	0	0	1	0	2
2043_1484	2	0	0	0	0	0	0	0	0	17	0	3
2043_1908	0	0	0	0	0	0	0	0	0	17	0	0
2043_2332	1	0	0	1	0	0	1	0	0	13	0	4
2043_2756	0	0	1	2	0	0	0	0	0	35	0	0
2043_3180	0	0	0	0	0	0	0	0	0	1	0	0
2043_4876	2	0	0	0	0	0	0	0	0	15	0	0
2043_5300	1	0	2	0	0	0	0	0	0	13	2	0
2043_5724	0	0	1	0	0	1	0	0	0	2	1	4
2043_7420	0	0	0	0	0	1	1	0	0	0	1	6
2043_8692	2	7	3	7	0	0	0	2	0	1	2	0
2043_9116	1	9	1	9	0	0	2	3	0	5	4	1
2043_9540	0	8	1	7	0	0	0	2	0	0	3	0
2043_9964	0	5	0	9	0	0	0	4	0	0	3	0
2043_10388	0	6	0	0	0	0	0	2	0	0	0	0
2043_10812	0	6	2	7	0	1	0	1	0	2	2	0
2043_11236	0	1	2	3	0	0	0	2	0	1	2	0
2043_11660	0	5	0	7	0	0	0	1	0	0	0	0
2043_12084	0	8	1	10	0	0	0	2	0	2	2	0
2043_12508	1	5	4	10	0	0	1	2	0	1	5	0
2043_12932	1	3	0	2	0	0	0	0	1	1	3	1
2043_13356	0	2	0	1	0	3	1	0	0	0	2	1
2043_13780	0	0	0	0	0	0	0	0	0	0	0	1
2497_1060	0	0	0	0	0	1	2	0	1	10	0	3
2497_1484	0	0	0	0	0	0	3	0	0	7	0	9
2497_1908	0	0	0	0	0	2	1	0	2	18	2	8
2497_2332	0	0	1	1	0	1	0	2	0	10	0	6
2497_2756	4	0	2	2	0	0	0	0	0	19	0	0
2497_4876	0	0	1	1	0	0	0	0	0	14	0	0
2497_5300	0	0	1	0	0	0	0	0	0	20	2	0
2497_5724	0	0	0	0	0	0	0	0	1	3	0	3
2497_7420	0	0	0	0	0	0	0	0	0	0	0	1
2497_8692	0	5	5	10	0	0	0	0	0	0	4	0
2497_9116	1	9	0	13	0	0	0	2	0	0	2	1
2497_9540	0	5	1	12	0	0	0	0	0	0	0	0
2497_9964	1	6	0	8	0	0	0	0	0	1	1	0
2497_10388	2	3	0	4	0	0	0	0	0	0	2	0
2497_10812	1	6	0	10	0	1	0	0	0	1	0	0
2497_11236	0	5	0	6	0	0	0	0	0	1	2	0
2497_11660	0	3	2	9	0	1	0	0	0	1	1	0
2497_12084	1	6	0	14	0	0	0	1	0	1	1	0
2497_12508	0	2	3	14	0	1	0	0	0	0	5	0
2497_12932	0	6	2	6	0	1	0	0	0	1	2	0
2497_13356	1	3	7	4	0	0	0	0	0	1	5	0
2497_13780	0	1	2	4	0	1	0	3	0	2	2	0
2497_14204	0	2	1	2	0	0	1	0	0	2	0	0
2951_1060	0	0	0	0	0	0	0	0	0	13	3	0
2951_1484	0	0	0	0	0	2	1	2	2	19	2	4
2951_1908	4	0	2	0	0	0	0	0	0	17	1	2
2951_2332	0	0	0	3	0	0	0	0	0	9	0	0
2951_2756	1	0	1	0	0	0	0	0	0	14	0	0
2951_4876	0	0	0	0	0	0	0	0	0	8	0	0
2951_5300	0	0	1	1	0	0	2	0	0	23	2	3
2951_5724	0	0	0	0	0	0	0	0	0	0	0	3
2951_6996	0	0	0	0	0	1	0	0	0	0	0	1
2951_8692	0	7	0	10	0	0	0	1	0	0	0	0
2951_9116	3	0	2	6	0	0	0	1	0	1	3	0
2951_9540	1	6	1	10	0	0	0	1	0	1	3	0
2951_9964	1	10	1	8	0	0	0	0	0	1	0	0
2951_10388	2	4	1	6	0	0	0	0	0	3	0	0
2951_10812	1	7	0	4	0	0	0	0	0	3	0	0
2951_11236	2	8	1	6	0	0	0	0	0	1	1	0
2951_11660	4	10	1	9	0	0	1	0	0	1	0	0
2951_12084	1	11	2	9	0	0	0	0	0	5	0	0
2951_12508	1	6	0	9	0	0	0	1	0	0	2	0
2951_12932	0	8	1	6	0	0	0	0	0	3	0	0
2951_13356	0	5	3	9	0	0	0	0	0	3	1	0
2951_13780	0	6	1	14	0	0	0	2	0	1	1	0
2951_14204	0	3	1	15	0	1	0	3	0	1	3	1
2951_14628	2	1	1	0	0	0	0	1	0	0	2	1
3405_1060	0	0	0	0	0	0	2	0	0	0	0	16
3405_1484	0	0	0	0	0	2	1	1	0	10	0	8
3405_1908	0	0	3	1	0	0	0	0	0	14	0	0
3405_2332	0	0	0	1	0	0	0	0	0	15	0	0
3405_2756	0	0	0	1	0	0	0	0	0	12	0	0
3405_4876	0	0	0	0	0	0	0	0	0	2	0	0
3405_5300	1	0	2	0	0	2	0	0	0	23	2	3
3405_6572	0	0	0	0	0	2	3	1	3	0	0	2
3405_6996	0	0	0	0	0	1	9	1	2	0	0	1
3405_8692	1	7	0	10	0	0	0	1	0	1	0	0
3405_9116	1	2	1	10	0	1	0	0	0	2	1	0
3405_9540	1	7	0	13	0	1	1	1	0	0	3	0
3405_9964	0	6	0	9	0	0	0	1	0	4	2	0
3405_10388	0	3	0	10	0	0	0	0	0	1	1	0
3405_10812	0	6	0	11	0	0	0	1	0	2	0	0
3405_11236	3	6	2	6	0	0	0	1	0	3	2	0
3405_11660	3	5	1	6	0	0	0	0	0	3	0	0
3405_12084	4	6	1	8	0	0	0	0	0	2	0	0
3405_12508	3	4	0	3	0	1	0	0	0	2	1	0
3405_12932	2	4	1	6	0	0	0	0	0	1	1	0
3405_13356	0	6	0	11	0	0	0	0	0	1	2	0
3405_13780	4	3	4	14	0	1	0	0	0	3	0	0
3405_14204	0	9	3	6	0	0	0	1	0	1	0	0
3405_14628	0	5	1	7	0	0	0	3	0	2	2	1
3405_15052	0	3	0	1	0	0	0	1	0	0	1	4
3859_1060	0	0	0	0	0	0	1	0	0	2	0	10
3859_1484	1	0	1	0	0	0	0	0	0	7	0	1
3859_1908	0	0	1	0	0	0	0	0	0	13	0	0
3859_2332	3	0	2	3	0	0	0	0	0	18	0	0
3859_2756	0	0	0	0	0	0	0	0	0	3	0	0
3859_4876	0	0	0	0	0	0	0	0	0	1	0	0
3859_5300	1	0	0	1	0	0	0	0	0	31	0	0
3859_5724	0	0	0	0	0	1	1	0	1	11	0	2
3859_6148	0	0	0	0	0	1	4	0	0	0	0	2
3859_6572	0	0	1	0	0	2	13	5	0	0	2	1
3859_6996	3	0	1	0	0	4	1	2	2	0	0	0
3859_8692	5	5	3	8	0	1	0	0	1	2	1	0
3859_9116	3	3	4	16	0	1	0	2	0	1	2	0
3859_9540	1	3	1	9	0	2	0	1	0	2	3	0
3859_9964	4	1	3	10	1	1	0	0	0	1	1	0
3859_10388	1	4	0	11	0	0	0	0	0	3	1	0
3859_10812	1	6	1	7	0	0	0	1	0	2	2	0
3859_11236	0	4	1	8	0	0	0	1	0	2	0	0
3859_11660	0	2	2	11	0	0	0	0	0	3	1	0
3859_12084	1	2	3	16	0	0	0	1	0	2	5	0
3859_12508	1	5	0	9	0	0	0	1	0	1	1	0
3859_12932	0	4	1	4	0	0	0	1	0	1	2	0
3859_13356	2	6	0	7	0	0	0	0	0	0	1	0
3859_13780	3	3	2	9	0	0	0	0	0	4	2	0
3859_14204	0	6	3	13	0	0	0	1	0	2	2	0
3859_14628	0	0	3	12	0	3	0	1	0	4	0	0
3859_15052	1	9	2	6	0	0	1	2	0	1	4	0
3859_15476	0	2	0	0	0	0	0	0	1	0	0	1
4313_1060	0	0	1	0	0	0	1	0	0	4	0	8
4313_1484	1	0	2	0	0	0	0	0	0	25	0	0
4313_1908	2	0	0	1	0	0	0	0	0	21	0	0
4313_2332	0	0	0	1	0	0	0	0	0	32	0	0
4313_2756	2	0	0	2	0	0	0	0	1	12	0	0
4313_3180	1	0	0	0	0	0	0	0	0	3	0	0
4313_5300	0	0	0	0	0	0	0	0	0	14	0	0
4313_5724	1	0	2	1	0	0	0	0	0	21	1	0
4313_6148	3	0	1	0	0	2	1	2	0	0	4	0
4313_6572	1	0	1	0	0	1	5	6	6	0	9	0
4313_6996	0	0	0	0	0	0	0	2	0	0	0	0
4313_8692	7	2	2	8	0	1	0	0	1	1	4	0
4313_9116	3	3	2	14	0	0	0	1	0	0	4	0
4313_9540	4	6	6	11	0	0	0	0	0	1	1	0
4313_9964	1	3	1	11	0	0	0	0	0	0	1	0
4313_10388	0	7	1	11	0	0	0	2	0	1	1	0
4313_10812	1	3	0	6	0	0	0	3	0	0	0	0
4313_11236	1	0	0	3	0	0	0	0	0	1	0	0
4313_11660	0	0	1	13	1	0	0	0	0	1	0	0
4313_12084	1	1	2	15	0	0	0	0	0	0	0	0
4313_12508	1	2	1	5	0	0	0	0	0	3	1	0
4313_12932	2	7	0	11	0	0	0	0	0	2	0	0
4313_13356	0	4	1	13	0	0	0	1	0	4	0	0
4313_13780	3	2	1	13	0	0	0	0	0	3	0	0
4313_14204	3	6	0	7	0	0	0	0	0	2	0	0
4313_14628	1	3	1	10	0	0	0	0	0	0	1	0
4313_15052	1	6	0	5	0	0	0	2	0	0	0	0
4313_15476	1	2	2	9	0	0	1	0	0	1	3	0
4313_15900	0	0	1	0	0	0	0	1	0	0	2	2
4767_636	0	0	0	0	0	0	1	0	0	0	0	3
4767_1060	0	0	0	0	0	0	1	1	0	24	0	4
4767_1484	0	0	1	3	0	0	0	0	0	26	0	0
4767_1908	2	0	1	0	0	0	0	0	0	20	0	0
4767_2332	3	0	0	1	0	0	0	0	0	29	0	0
4767_2756	1	0	3	0	0	0	0	0	0	20	0	0
4767_3180	0	0	0	0	0	0	0	0	0	10	0	0
4767_5724	0	0	2	0	0	0	0	0	0	3	0	0
4767_6148	0	0	1	0	0	0	0	0	0	1	0	0
4767_6572	1	0	2	0	0	0	0	0	0	3	1	0
4767_6996	0	0	1	1	0	0	0	0	0	2	0	0
4767_7420	0	0	0	0	0	0	0	0	0	4	0	0
4767_8268	0	0	0	0	0	1	0	0	0	0	0	0
4767_8692	0	6	2	8	0	6	3	2	1	3	4	0
4767_9116	1	3	2	14	0	4	1	0	0	3	1	0
4767_9540	3	2	2	14	0	2	0	0	0	2	0	0
4767_9964	2	2	1	6	0	0	0	0	0	0	1	0
4767_10388	6	0	2	2	0	0	0	0	0	1	0	0
4767_10812	4	0	2	1	0	0	0	0	0	0	0	0
4767_11236	0	0	1	0	0	0	0	0	0	0	0	0
4767_11660	6	0	1	4	0	0	0	0	0	1	0	0
4767_12084	1	0	0	4	0	0	0	0	0	2	2	0
4767_12508	0	5	2	11	0	0	0	0	0	0	0	0
4767_12932	2	2	2	7	0	0	0	0	0	2	1	0
4767_13356	2	2	2	20	0	0	0	0	0	1	2	0
4767_13780	1	2	1	13	0	0	0	0	0	1	2	0
4767_14204	0	1	0	3	0	0	0	0	0	0	0	0
4767_14628	1	3	0	3	0	0	0	0	0	2	0	0
4767_15052	0	10	0	3	0	0	0	2	0	1	0	0
4767_15476	0	4	3	7	0	0	0	0	0	3	4	0
4767_15900	1	0	1	2	0	1	0	2	0	0	5	0
5221_636	0	0	0	0	0	1	2	0	2	1	0	3
5221_1060	1	0	1	0	0	0	0	0	0	22	0	0
5221_1484	0	0	0	0	0	0	0	0	0	22	0	0
5221_1908	1	0	2	0	0	0	0	0	0	16	0	0
5221_2332	1	0	2	0	0	0	0	0	0	12	0	0
5221_2756	0	0	0	3	0	0	0	0	0	14	0	0
5221_3180	0	0	0	0	0	0	0	0	0	4	0	0
5221_5724	2	0	0	0	0	0	0	0	0	1	0	0
5221_6148	1	0	0	0	0	0	0	0	0	0	0	0
5221_6572	2	0	2	1	0	0	0	0	0	19	0	0
5221_6996	0	0	3	2	0	0	0	0	0	10	0	0
5221_7420	0	0	4	0	0	0	0	0	0	10	0	0
5221_7844	0	0	1	0	0	0	0	0	0	7	0	0
5221_8268	0	0	1	0	0	2	0	0	2	8	2	0
5221_8692	1	0	5	3	0	4	1	1	1	9	1	1
5221_9116	3	1	5	11	0	1	0	0	0	3	2	0
5221_9540	4	0	3	3	0	3	0	1	0	2	0	0
5221_9964	2	1	1	5	0	4	0	1	0	1	0	1
5221_10388	0	1	0	0	0	2	0	0	0	0	1	0
5221_10812	1	3	2	10	0	0	0	0	0	0	0	0
5221_11236	2	1	4	6	0	0	0	0	0	0	2	0
5221_11660	3	3	1	4	0	0	0	0	0	1	2	0
5221_12084	0	0	0	0	0	0	0	0	0	0	1	0
5221_12508	3	3	1	9	0	0	0	1	0	0	1	0
5221_12932	5	5	0	10	0	0	0	0	0	2	1	0
5221_13356	2	2	5	15	0	0	0	0	0	4	0	0
5221_13780	2	1	1	8	0	0	0	0	0	0	1	0
5221_14204	1	4	2	9	0	0	0	0	0	2	0	0
5221_14628	0	1	0	3	0	0	0	0	0	0	0	0
5221_15052	0	1	0	2	0	0	0	0	0	1	0	0
5221_15476	0	6	2	7	0	1	0	0	0	0	2	0
5221_15900	2	2	1	1	0	2	0	0	0	0	3	1
5675_636	0	0	0	0	0	0	0	0	0	3	0	0
5675_1060	7	0	1	0	0	0	0	0	0	16	0	0
5675_1484	1	0	0	0	0	0	0	0	0	16	0	0
5675_1908	0	0	0	0	0	0	0	0	0	20	0	0
5675_2332	6	0	2	0	0	0	0	0	0	15	0	0
5675_2756	4	0	1	1	0	0	0	0	0	13	0	0
5675_3180	0	0	0	0	0	0	0	0	0	1	0	0
5675_5300	0	0	0	0	0	0	0	0	0	2	0	0
5675_5724	3	0	3	2	0	0	0	0	0	16	1	0
5675_6148	2	0	1	1	0	0	0	0	0	7	1	0
5675_6572	4	0	0	0	0	0	0	0	0	17	1	0
5675_6996	0	0	3	1	0	0	0	0	0	13	3	0
5675_7420	0	0	3	0	0	0	0	0	0	15	0	0
5675_7844	0	0	1	0	0	1	0	0	0	16	1	0
5675_8268	0	0	6	0	0	0	0	0	0	11	0	0
5675_8692	0	1	0	3	0	1	0	0	0	2	0	0
5675_9116	1	0	3	11	0	6	0	0	0	3	1	0
5675_9540	5	0	0	3	0	10	0	0	1	0	3	0
5675_9964	1	0	0	0	0	7	1	0	0	0	10	0
5675_10388	2	0	1	3	0	5	0	0	0	0	3	0
5675_10812	2	3	0	8	0	2	0	1	0	0	0	0
5675_11236	2	0	1	4	0	1	0	0	0	0	1	0
5675_11660	9	0	3	3	0	0	0	0	0	0	1	0
5675_12084	4	3	2	6	0	1	0	0	0	0	3	1
5675_12508	1	1	1	13	1	0	0	1	0	1	1	1
5675_12932	0	1	0	13	0	0	0	0	0	2	0	0
5675_13356	2	3	0	12	0	0	0	0	0	2	1	0
5675_13780	1	1	1	8	0	0	0	0	0	0	1	0
5675_14204	2	5	2	7	0	0	0	0	0	2	1	0
5675_14628	1	6	3	5	0	0	0	0	0	2	0	0
5675_15052	0	2	2	0	0	0	0	1	0	1	0	0
5675_15476	1	8	0	6	0	0	0	1	0	1	3	0
5675_15900	0	0	1	1	0	0	0	0	0	1	2	0
6129_636	1	0	1	0	0	0	0	0	0	2	1	0
6129_1060	0	0	0	0	0	1	1	0	0	15	0	1
6129_1484	1	0	0	0	0	0	1	0	0	18	0	6
6129_1908	0	0	1	0	0	1	1	0	0	18	1	0
6129_2332	2	0	1	0	0	0	0	0	0	14	0	0
6129_2756	0	0	1	4	0	0	0	0	0	24	0	0
6129_3180	0	0	0	0	0	0	0	0	0	1	0	0
6129_5300	0	0	1	0	0	0	0	0	0	3	0	0
6129_5724	3	0	0	0	0	0	0	0	0	23	0	0
6129_6148	0	0	0	1	0	0	0	0	0	15	0	0
6129_6572	1	0	0	0	0	0	0	0	0	19	0	0
6129_6996	0	0	2	1	0	0	0	1	0	12	2	0
6129_7420	2	0	1	0	0	0	0	1	0	15	1	0
6129_7844	0	0	1	0	0	1	0	0	0	11	1	0
6129_8268	0	0	2	1	0	0	0	0	0	16	0	0
6129_8692	0	0	5	0	1	2	0	0	0	0	1	0
6129_9116	1	0	0	0	0	12	0	0	0	0	4	0
6129_9540	1	0	0	0	0	19	0	2	0	0	3	0
6129_9964	0	0	0	0	0	5	0	1	0	0	0	0
6129_10388	1	2	1	8	0	3	1	2	0	0	5	0
6129_10812	2	1	6	10	0	0	0	1	0	1	0	0
6129_11236	1	4	1	6	0	0	0	1	0	0	3	1
6129_11660	1	4	1	3	0	0	0	0	0	0	1	0
6129_12084	0	2	1	5	0	0	0	0	0	1	0	0
6129_12508	1	1	2	14	0	1	0	0	0	1	2	0
6129_12932	1	12	1	6	0	0	0	0	0	0	1	0
6129_13356	1	2	1	13	0	0	0	0	0	3	1	0
6129_13780	1	3	3	7	0	0	0	0	0	2	0	0
6129_14204	1	4	3	11	0	0	0	0	0	3	1	0
6129_14628	0	4	4	12	0	0	0	0	0	2	2	0
6129_15052	0	6	0	4	0	0	0	1	0	2	2	0
6129_15476	0	5	2	13	0	0	0	0	0	3	1	0
6129_15900	0	1	0	0	0	0	0	0	0	1	1	0
6583_1060	0	0	0	0	0	1	0	0	0	1	0	2
6583_1484	0	0	0	0	0	0	0	0	0	24	0	2
6583_1908	0	0	0	0	0	1	0	0	1	18	0	0
6583_2332	0	0	0	0	0	3	0	1	0	14	0	0
6583_2756	0	0	0	1	0	2	0	3	0	18	2	0
6583_3180	0	0	2	0	0	0	0	0	0	12	0	0
6583_5300	1	0	0	0	0	0	0	0	0	22	0	0
6583_5724	6	0	1	2	0	0	0	0	0	19	0	0
6583_6148	0	0	2	0	0	0	0	0	0	17	0	0
6583_6572	1	0	0	0	0	0	0	0	0	14	0	0
6583_6996	0	0	3	0	0	1	0	1	0	20	0	0
6583_7420	2	0	2	0	0	1	0	0	0	15	2	0
6583_7844	0	0	2	0	0	2	0	0	0	15	0	0
6583_8268	0	0	2	2	0	0	0	0	0	12	1	0
6583_8692	0	0	1	0	0	1	0	0	0	0	0	0
6583_9116	2	0	0	1	0	9	0	2	0	0	2	0
6583_9540	1	0	2	4	0	7	0	0	0	0	7	0
6583_9964	0	0	0	0	0	1	0	0	0	0	2	0
6583_10388	1	7	1	11	0	2	0	2	0	1	1	0
6583_10812	0	3	1	8	0	0	0	1	0	1	3	1
6583_11236	0	6	2	6	0	2	0	0	0	2	2	0
6583_11660	0	1	0	7	0	2	0	0	0	0	1	0
6583_12084	1	1	3	12	0	0	0	0	0	3	1	0
6583_12508	0	7	2	17	0	0	0	0	0	2	0	0
6583_12932	0	6	0	9	0	0	0	1	0	5	1	0
6583_13356	0	3	1	12	0	0	0	0	0	4	1	0
6583_13780	1	4	2	15	0	0	0	0	0	1	0	0
6583_14204	1	8	0	8	0	0	0	0	0	1	1	0
6583_14628	0	13	1	5	0	0	0	1	0	2	0	0
6583_15052	0	6	1	10	0	0	0	2	0	0	2	0
6583_15476	2	3	1	8	0	0	0	0	0	2	2	0
6583_15900	0	0	2	0	0	0	1	0	0	0	0	1
7037_1060	0	0	0	0	2	1	2	1	2	1	0	7
7037_1484	0	0	1	0	0	0	0	0	0	29	0	0
7037_1908	1	0	0	1	1	0	0	0	0	26	0	0
7037_2332	0	0	0	0	0	0	0	0	0	33	0	0
7037_2756	0	0	0	4	0	0	0	0	0	31	0	0
7037_3180	0	0	2	2	0	0	0	0	0	17	0	0
7037_3604	0	0	0	0	0	0	0	0	0	1	0	0
7037_4876	1	0	0	1	0	0	0	0	0	12	0	0
7037_5300	8	0	0	0	0	0	0	0	0	4	0	0
7037_5724	5	0	3	0	0	0	0	0	0	8	0	0
7037_6148	1	0	1	0	0	0	0	0	0	19	0	0
7037_6572	0	0	1	0	0	0	0	0	0	16	1	0
7037_6996	0	0	0	0	0	0	0	0	0	16	2	0
7037_7420	0	0	0	1	0	0	0	0	0	18	0	0
7037_7844	0	0	0	0	0	1	0	0	0	10	1	0
7037_8268	0	0	4	2	0	0	0	0	0	10	0	0
7037_9116	0	0	3	1	0	3	0	0	0	0	1	0
7037_9540	2	0	1	9	0	4	0	1	0	1	2	0
7037_9964	1	0	0	4	0	2	0	3	0	2	1	0
7037_10388	0	3	1	7	0	5	1	0	0	2	3	0
7037_10812	0	3	1	9	0	0	0	0	0	2	7	0
7037_11236	0	2	1	13	0	0	0	0	0	4	1	0
7037_11660	0	1	0	12	0	0	0	0	0	3	0	0
7037_12084	1	2	0	13	0	0	0	0	0	2	2	0
7037_12508	1	4	2	9	1	0	0	0	0	3	3	1
7037_12932	1	1	2	7	0	1	0	0	0	1	4	0
7037_13356	0	0	8	11	0	0	0	0	0	0	1	1
7037_13780	0	5	3	10	0	0	0	0	0	8	4	0
7037_14204	1	3	1	9	0	0	0	2	0	0	4	0
7037_14628	0	10	1	12	0	1	0	0	0	2	4	0
7037_15052	0	7	1	8	0	1	0	0	0	2	2	0
7037_15476	0	4	0	5	0	1	0	0	0	2	1	0
7037_15900	2	0	0	0	0	4	1	0	0	0	3	0
7491_1060	1	0	0	0	1	2	5	0	4	5	0	4
7491_1484	1	0	0	0	1	1	0	0	1	21	2	0
7491_1908	0	0	2	0	0	0	1	0	0	26	0	0
7491_2332	0	0	1	1	0	0	0	0	0	26	2	0
7491_2756	0	0	0	1	0	0	0	0	0	36	0	0
7491_3180	0	0	1	1	0	0	0	0	0	10	0	0
7491_4876	0	0	1	0	0	0	0	0	1	13	0	0
7491_5300	7	0	0	0	0	0	0	0	0	9	1	0
7491_5724	1	0	0	0	0	0	0	0	0	19	0	0
7491_6148	0	0	0	1	1	0	0	0	0	16	1	0
7491_6572	1	0	4	1	0	0	0	0	0	13	1	0
7491_6996	0	0	1	0	0	0	1	0	1	17	1	0
7491_7420	1	0	0	2	0	7	1	3	2	6	3	0
7491_7844	1	0	0	1	0	1	0	0	0	9	1	0
7491_8268	0	0	3	1	0	0	0	0	0	17	0	0
7491_8692	0	0	1	1	0	2	0	0	0	1	0	0
7491_9116	0	0	0	3	0	0	0	0	0	0	2	0
7491_9540	0	2	0	6	0	4	0	1	0	0	1	0
7491_9964	0	2	6	6	0	1	0	1	0	2	1	0
7491_10388	0	2	2	8	0	3	0	1	0	2	6	0
7491_10812	0	2	1	8	0	0	0	4	0	0	2	0
7491_11236	0	2	1	8	0	1	0	0	0	1	2	0
7491_11660	0	2	1	10	0	0	0	1	0	0	5	0
7491_12084	1	4	3	12	0	0	0	0	0	1	2	0
7491_12508	1	1	1	17	0	0	0	0	0	2	0	1
7491_12932	0	6	0	13	0	1	0	0	0	2	0	0
7491_13356	1	1	0	8	0	0	0	0	0	6	2	0
7491_13780	1	3	1	17	0	1	0	0	0	2	3	0
7491_14204	0	1	1	11	0	0	0	2	0	1	5	0
7491_14628	0	7	4	7	0	1	0	1	0	1	1	0
7491_15052	0	5	3	9	0	0	0	0	0	3	3	0
7491_15476	0	1	0	11	0	0	0	0	0	1	2	1
7491_15900	1	0	1	4	0	2	2	1	1	0	7	2
7945_1060	0	0	0	0	0	5	1	2	1	0	4	4
7945_1484	0	0	1	0	1	2	0	1	2	18	3	0
7945_1908	0	0	0	0	2	2	0	0	0	12	0	0
7945_2332	3	0	3	0	0	2	0	0	1	16	6	1
7945_2756	0	0	0	0	1	0	0	0	0	26	0	0
7945_3180	0	0	0	2	0	0	0	0	0	5	0	0
7945_4452	0	0	0	0	0	0	1	0	0	1	2	0
7945_4876	0	0	0	0	0	0	0	0	0	15	0	0
7945_5300	0	0	2	0	0	0	0	0	0	18	0	0
7945_5724	0	0	2	0	1	1	2	0	0	14	0	0
7945_6148	2	0	0	1	0	2	1	0	1	5	3	3
7945_6572	0	0	0	0	0	0	0	0	0	2	0	5
7945_6996	0	0	1	0	0	1	0	0	0	4	1	2
7945_7420	0	0	0	0	0	5	7	0	3	3	2	1
7945_7844	0	0	0	1	0	5	0	2	1	13	0	0
7945_8268	0	0	1	0	0	0	0	0	0	11	0	0
7945_8692	0	0	0	1	0	0	0	0	0	4	2	0
7945_9116	1	0	1	4	0	1	0	0	0	0	4	0
7945_9540	2	0	2	9	0	1	0	0	0	3	2	0
7945_9964	0	1	0	14	0	1	0	2	0	3	2	0
7945_10388	0	3	3	11	0	1	0	0	0	2	0	1
7945_10812	1	2	0	8	0	0	0	1	0	2	3	0
7945_11236	0	1	2	4	0	0	0	1	0	2	3	2
7945_11660	0	1	2	12	0	0	0	0	0	2	2	0
7945_12084	1	0	3	21	0	0	0	0	0	1	0	0
7945_12508	0	1	1	16	0	0	0	0	0	3	0	0
7945_12932	0	1	1	8	0	0	0	0	0	1	0	0
7945_13356	0	0	2	9	0	0	0	0	0	3	0	0
7945_13780	2	2	3	15	0	0	0	0	0	2	1	0
7945_14204	0	2	3	8	0	0	0	0	0	1	2	0
7945_14628	0	4	1	5	0	0	0	2	0	4	5	0
7945_15052	0	4	1	7	0	0	0	2	0	3	1	0
7945_15476	0	3	1	10	0	0	0	0	0	1	3	0
7945_15900	0	5	2	8	1	0	0	1	0	1	2	0
7945_16324	1	1	2	2	0	1	2	2	0	0	3	1
8399_1060	0	0	0	0	0	0	0	0	0	0	0	2
8399_1484	0	0	0	0	0	2	1	0	1	3	0	0
8399_1908	2	0	0	0	0	1	0	0	0	0	2	0
8399_2332	0	0	0	0	0	2	0	0	0	23	3	0
8399_2756	0	0	1	0	0	0	0	0	0	19	2	1
8399_4452	0	0	0	0	0	1	0	0	0	5	2	0
8399_4876	0	0	3	0	0	4	2	1	1	6	1	0
8399_5300	1	0	0	1	2	4	2	1	2	10	4	0
8399_5724	0	0	0	0	1	2	3	3	5	4	2	0
8399_6148	0	0	0	0	3	0	1	3	1	0	3	4
8399_7420	0	0	0	0	0	4	2	0	2	0	1	2
8399_7844	0	0	0	0	0	8	1	3	1	9	3	0
8399_8268	0	0	1	1	0	0	0	0	0	19	0	0
8399_8692	0	0	0	0	0	7	0	0	0	4	1	0
8399_9116	1	0	0	4	0	2	0	0	0	0	3	0
8399_9540	2	0	0	6	0	3	0	1	0	2	3	0
8399_9964	0	1	2	17	0	0	0	0	0	2	1	0
8399_10388	0	4	4	10	0	0	0	1	0	0	1	0
8399_10812	1	2	0	9	0	0	0	0	0	3	0	0
8399_11236	0	5	2	10	0	0	0	0	0	2	0	0
8399_11660	1	5	1	12	0	0	0	0	0	3	4	0
8399_12084	0	1	0	13	0	1	0	0	0	3	3	0
8399_12508	1	1	0	7	0	0	0	0	0	3	0	0
8399_12932	1	0	3	3	0	0	0	0	0	1	0	0
8399_13356	0	0	3	5	0	0	0	0	0	3	0	0
8399_13780	1	6	1	10	0	0	0	0	0	2	0	0
8399_14204	1	3	2	5	0	0	0	1	0	3	2	0
8399_14628	2	3	2	7	0	0	0	0	0	2	0	0
8399_15052	1	1	1	10	0	0	0	2	0	1	2	0
8399_15476	0	3	0	7	0	0	0	3	0	2	1	0
8399_15900	0	10	3	8	0	0	0	0	0	1	2	0
8399_16324	1	11	0	4	0	0	0	1	0	0	0	1
8399_16748	0	0	0	1	0	0	0	0	0	0	1	2
8853_636	0	0	0	0	0	1	0	0	0	0	0	0
8853_1060	0	0	0	0	0	0	0	0	0	0	0	2
8853_1484	0	0	0	0	0	0	0	0	0	0	1	0
8853_1908	5	0	0	0	0	0	0	0	3	4	1	0
8853_2332	0	0	0	0	2	1	0	0	0	24	0	0
8853_2756	2	0	3	1	1	1	0	0	1	16	1	0
8853_4452	0	0	2	0	1	3	2	2	4	6	4	2
8853_4876	2	0	0	1	0	5	6	0	4	4	0	5
8853_5300	0	0	0	0	0	1	4	1	0	15	2	0
8853_5724	0	0	3	0	0	0	0	0	0	18	2	0
8853_6148	0	0	0	0	0	1	0	1	0	11	0	3
8853_7420	0	0	0	0	0	2	2	0	0	0	1	0
8853_7844	0	0	0	0	0	15	7	1	1	0	4	1
8853_8268	1	0	0	0	0	10	0	4	1	3	2	0
8853_8692	1	0	0	3	0	19	0	1	0	2	2	0
8853_9116	3	0	0	6	0	10	0	0	0	4	2	0
8853_9540	1	1	2	7	0	4	0	0	0	2	3	0
8853_9964	0	0	0	11	0	1	0	1	0	2	2	0
8853_10388	0	2	1	9	0	2	0	0	0	3	3	0
8853_10812	1	2	0	10	0	0	0	2	0	2	0	0
8853_11236	0	5	1	12	0	0	0	1	0	2	2	0
8853_11660	1	3	1	8	0	0	0	0	0	10	0	0
8853_12084	0	1	0	11	0	0	0	1	0	6	3	0
8853_12508	0	4	1	3	0	0	0	0	0	4	0	0
8853_12932	0	1	0	8	0	0	0	0	0	3	0	0
8853_13356	0	0	2	7	0	0	0	0	0	2	0	0
8853_13780	1	0	0	8	0	0	0	0	0	0	0	0
8853_14204	3	2	2	6	0	0	0	0	0	4	1	0
8853_14628	2	2	3	10	0	0	0	0	0	5	0	0
8853_15052	1	1	2	7	0	0	0	0	0	2	0	0
8853_15476	0	5	0	6	0	0	0	0	0	4	3	0
8853_15900	1	7	1	7	0	1	0	1	0	2	2	0
8853_16324	1	5	1	7	0	0	0	0	0	4	1	0
8853_16748	0	3	0	1	0	2	2	0	0	1	2	0
9307_1908	3	0	0	0	0	3	1	1	2	6	1	0
9307_2332	1	0	1	0	4	3	2	2	4	7	5	3
9307_2756	2	0	1	0	1	3	1	2	6	3	2	7
9307_4452	0	0	0	0	0	2	4	2	2	10	1	3
9307_4876	0	0	0	0	0	0	0	0	0	16	0	0
9307_5300	1	0	2	0	0	0	0	0	0	20	0	0
9307_5724	1	0	2	1	0	0	0	0	0	23	0	0
9307_6148	0	0	0	4	0	0	0	0	0	16	1	2
9307_6572	0	0	2	0	0	0	0	0	0	0	0	0
9307_6996	0	0	0	0	0	2	5	0	0	0	0	8
9307_7420	0	0	0	1	0	5	16	2	1	0	1	2
9307_7844	1	0	0	0	0	8	4	9	2	0	5	0
9307_8268	1	0	0	0	0	19	3	4	0	0	5	1
9307_8692	3	1	1	2	0	13	0	0	0	2	7	0
9307_9116	2	0	4	2	0	7	0	1	0	3	7	0
9307_9540	1	0	2	3	0	3	0	0	0	0	0	0
9307_9964	1	0	3	1	0	0	0	0	0	0	2	0
9307_10388	0	0	1	8	0	1	0	0	0	0	1	1
9307_10812	0	0	0	6	0	0	0	0	0	2	0	0
9307_11236	0	0	1	2	0	0	0	0	0	4	0	0
9307_11660	0	0	1	1	0	0	0	0	0	2	0	0
9307_12084	0	0	2	4	0	0	0	0	0	0	0	0
9307_12508	0	0	0	0	0	0	0	0	0	0	1	0
9307_12932	0	0	0	1	0	0	0	0	0	0	0	0
9307_13356	2	0	1	1	0	0	0	0	0	1	0	0
9307_13780	1	0	5	5	0	0	0	0	0	2	0	0
9307_14204	4	1	2	8	0	0	0	0	0	3	0	0
9307_14628	5	2	1	5	0	0	0	0	0	2	3	0
9307_15052	2	0	1	6	0	0	0	0	0	2	0	0
9307_15476	0	2	1	14	0	1	0	0	0	1	1	0
9307_15900	0	3	2	9	0	0	0	1	0	3	0	0
9307_16324	1	5	2	4	0	0	0	0	0	3	3	0
9307_16748	0	4	0	2	0	1	0	2	1	2	1	1
9761_1484	0	0	0	0	0	0	0	0	4	0	0	0
9761_1908	2	0	0	0	2	3	2	3	5	3	5	0
9761_2332	0	0	0	0	1	9	2	0	19	0	0	5
9761_2756	0	0	0	0	0	0	0	0	0	0	1	4
9761_4452	0	0	0	0	0	0	2	0	2	11	1	3
9761_4876	2	0	3	0	0	0	0	0	0	11	0	0
9761_5300	0	0	1	0	0	0	0	0	0	17	0	0
9761_5724	0	0	1	1	0	0	0	0	0	16	0	0
9761_6148	0	0	2	1	0	0	0	0	0	11	0	0
9761_6572	0	0	0	0	0	0	0	1	0	6	0	2
9761_6996	0	0	0	0	0	1	3	0	2	0	0	1
9761_7420	0	0	2	1	0	5	4	3	2	2	1	0
9761_7844	2	0	0	0	0	10	2	4	3	0	3	0
9761_8268	2	0	0	0	0	15	0	2	1	0	7	0
9761_8692	1	0	2	4	0	9	0	0	0	0	4	0
9761_9116	0	0	0	3	0	7	0	0	1	0	6	0
9761_9540	0	0	0	0	0	3	0	0	0	0	3	0
9761_12932	0	2	0	5	0	0	0	0	0	2	0	0
9761_13356	1	1	1	14	0	0	0	0	0	3	0	0
9761_13780	3	1	3	6	0	0	0	0	0	5	0	0
9761_14204	0	1	0	5	0	0	0	0	0	2	1	0
9761_14628	6	1	0	8	0	0	0	0	0	3	1	0
9761_15052	1	1	2	7	0	0	0	0	0	3	0	0
9761_15476	2	5	0	14	0	0	0	0	0	3	0	0
9761_15900	0	5	1	6	0	1	0	4	0	1	0	0
9761_16324	0	9	1	9	0	0	0	0	0	2	2	0
9761_16748	0	3	1	5	0	1	0	1	0	2	0	0
10215_1484	2	0	0	0	0	1	0	0	11	0	1	0
10215_1908	1	0	0	0	2	2	2	0	19	0	0	0
10215_2332	0	0	0	0	7	7	0	1	26	0	0	0
10215_2756	0	0	0	0	0	6	2	1	11	0	1	4
10215_4028	0	0	0	0	0	0	0	0	0	0	1	0
10215_4452	0	0	0	1	0	0	1	0	2	11	1	0
10215_4876	1	0	1	0	0	0	0	0	0	2	0	0
10215_5300	0	0	1	0	0	0	0	0	0	10	0	0
10215_5724	5	0	0	0	0	0	0	0	0	8	0	0
10215_6148	0	0	0	0	0	0	0	0	0	15	0	0
10215_6572	0	0	1	1	0	0	0	0	0	18	0	1
10215_6996	0	0	0	0	0	1	0	0	1	14	0	4
10215_7420	0	0	0	1	0	3	2	2	1	9	0	4
10215_7844	2	0	0	0	0	11	2	2	3	1	5	1
10215_8268	0	0	0	6	0	15	1	2	0	1	4	0
10215_8692	2	5	0	5	0	5	0	0	0	1	1	0
10215_9116	2	0	0	6	0	4	0	0	1	1	2	0
10215_9540	1	0	0	0	0	3	0	0	0	0	0	0
10215_12932	0	0	0	2	0	0	0	0	0	0	0	0
10215_13356	1	0	1	11	0	0	0	0	0	3	0	0
10215_13780	4	0	0	17	0	0	0	0	0	7	0	0
10215_14204	1	5	0	7	0	0	0	0	0	1	0	0
10215_14628	1	1	0	9	0	0	0	0	0	3	0	0
10215_15052	1	2	0	11	0	0	0	0	0	4	0	0
10215_15476	3	6	2	12	0	1	0	0	0	2	3	0
10215_15900	0	4	0	4	0	1	1	1	0	2	2	0
10215_16324	0	6	1	6	0	1	0	3	0	2	1	0
10215_16748	0	3	1	6	0	0	0	0	0	1	1	0
10669_636	2	0	1	0	0	2	0	0	6	0	1	0
10669_1060	0	0	0	0	0	0	1	0	13	0	0	0
10669_1484	1	0	0	0	0	0	1	0	18	0	3	0
10669_1908	2	0	0	0	0	0	0	0	36	0	0	0
10669_2332	0	0	0	0	0	2	1	0	42	0	0	0
10669_2756	1	0	1	0	0	4	2	1	22	0	3	1
10669_3180	0	0	0	0	0	1	0	0	1	0	0	0
10669_4452	0	0	0	0	0	0	0	0	0	6	0	0
10669_4876	2	0	1	0	0	0	0	0	0	6	1	0
10669_5724	1	0	0	0	0	0	0	0	0	0	0	0
10669_6148	2	0	0	0	0	0	0	0	0	3	0	0
10669_6572	2	0	0	0	0	0	0	0	0	20	0	0
10669_6996	0	0	0	0	0	0	0	0	0	15	0	0
10669_7420	1	0	1	0	0	0	0	0	0	20	1	0
10669_7844	0	0	1	0	0	0	0	0	0	18	1	0
10669_8268	1	0	2	3	0	13	1	2	0	5	3	0
10669_8692	1	1	1	15	0	4	0	0	0	3	1	0
10669_9116	2	4	3	3	0	2	1	0	1	0	3	0
10669_9540	0	0	1	0	0	1	0	0	0	0	0	0
10669_11236	0	0	1	2	0	0	0	0	0	0	0	0
10669_11660	0	0	1	7	0	0	0	0	0	0	0	0
10669_12084	0	0	1	7	0	0	0	0	0	0	0	0
10669_12508	0	0	0	5	0	0	0	0	0	0	0	0
10669_12932	0	0	0	1	0	0	0	0	0	0	0	0
10669_13356	1	0	0	14	0	0	0	0	0	0	1	1
10669_13780	4	3	1	17	0	0	0	0	0	2	0	0
10669_14204	0	3	3	7	0	0	0	0	0	3	0	0
10669_14628	3	2	1	6	0	0	0	0	0	4	0	0
10669_15052	2	3	3	11	0	0	0	0	0	8	1	0
10669_15476	0	3	1	11	0	0	0	4	0	1	2	0
10669_15900	0	11	0	3	0	1	0	1	0	2	1	0
10669_16324	0	7	0	7	0	1	1	0	0	1	1	1
10669_16748	0	0	2	1	0	1	1	0	0	0	1	0
11123_636	0	0	1	0	0	2	1	5	8	0	4	0
11123_1060	0	0	0	0	0	0	0	0	4	0	0	0
11123_1484	0	0	0	0	1	0	2	0	20	0	1	0
11123_1908	2	0	1	0	0	0	0	0	36	0	0	0
11123_2332	0	0	0	0	0	3	0	1	33	0	0	0
11123_2756	0	0	0	0	0	3	0	1	12	0	2	1
11123_4452	0	0	0	0	0	0	2	0	0	14	0	4
11123_4876	0	0	0	1	0	2	0	0	0	16	0	0
11123_6148	3	0	0	0	0	0	0	0	0	0	1	0
11123_6572	13	0	0	0	0	0	0	0	0	1	0	0
11123_6996	12	0	0	0	0	0	0	0	0	1	0	0
11123_7420	5	0	1	0	0	1	0	0	0	8	0	0
11123_7844	0	0	1	0	0	0	0	0	0	20	2	0
11123_8268	1	0	0	0	0	3	0	0	0	16	0	1
11123_8692	0	2	2	7	0	2	0	0	0	6	1	0
11123_9116	1	4	0	11	0	1	0	0	0	5	1	0
11123_9540	0	4	1	6	0	0	0	0	0	0	1	0
11123_9964	1	0	0	1	0	0	0	0	0	0	0	0
11123_10812	0	0	1	2	0	0	0	0	0	0	1	0
11123_11236	0	1	1	15	0	0	0	0	0	2	0	0
11123_11660	0	2	2	15	0	1	0	0	0	0	0	0
11123_12084	0	0	4	12	1	0	0	0	0	0	0	0
11123_12508	0	0	2	12	0	0	0	0	0	0	1	0
11123_12932	0	0	0	12	0	0	0	0	0	3	0	0
11123_13356	0	1	2	21	0	0	0	0	0	3	0	0
11123_13780	2	0	1	14	0	0	0	0	0	5	1	0
11123_14204	1	2	1	6	0	0	0	0	0	3	0	0
11123_14628	3	3	1	8	0	0	0	0	0	2	0	0
11123_15052	0	6	4	11	0	0	0	3	0	3	2	0
11123_15476	0	4	3	9	0	1	0	0	1	4	1	1
11123_15900	0	4	0	13	0	0	1	1	0	1	1	0
11123_16324	0	3	4	3	0	0	0	0	0	0	1	0
11123_16748	0	0	0	1	0	0	2	1	0	0	0	2
11577_1484	0	0	0	0	0	0	0	0	5	0	0	0
11577_1908	0	0	0	0	1	1	1	1	15	0	1	0
11577_2332	0	0	0	0	0	0	0	0	4	0	0	0
11577_4028	0	0	0	0	0	0	0	0	0	0	0	1
11577_4452	0	0	0	0	0	0	0	0	0	2	1	6
11577_4876	0	0	0	0	0	1	0	0	0	18	0	0
11577_5300	0	0	0	0	0	0	0	0	0	2	1	0
11577_5724	0	0	1	0	0	0	0	0	0	0	0	0
11577_6572	1	0	0	0	0	0	0	0	0	3	0	0
11577_6996	1	0	1	0	0	0	0	0	0	8	0	0
11577_7420	9	0	1	0	0	0	0	0	0	5	0	0
11577_7844	1	0	0	1	0	0	0	0	0	16	0	0
11577_8268	0	0	1	2	0	0	0	0	0	18	0	0
11577_8692	0	0	1	5	0	2	0	0	0	10	1	0
11577_9116	0	5	0	16	0	2	0	0	0	7	1	0
11577_9540	4	1	3	19	0	2	0	1	0	1	3	0
11577_9964	4	0	2	9	0	1	0	0	0	1	0	0
11577_10388	3	2	1	10	0	0	0	0	0	0	1	0
11577_10812	1	2	3	17	0	0	0	0	0	0	0	0
11577_11236	2	2	1	12	0	2	0	0	0	1	0	0
11577_11660	0	3	0	19	0	0	0	0	0	1	0	0
11577_12084	4	4	3	21	0	0	0	0	0	2	0	0
11577_12508	1	1	4	18	0	1	0	0	0	3	0	0
11577_12932	3	1	3	9	0	0	0	0	0	1	1	0
11577_13356	3	6	1	18	0	0	0	0	0	2	1	0
11577_13780	3	0	1	10	0	0	0	0	0	1	0	0
11577_14204	2	1	1	6	0	0	0	0	0	3	1	0
11577_14628	2	2	2	7	0	0	0	0	0	5	2	0
11577_15052	0	8	1	7	0	1	1	4	0	2	3	0
11577_15476	2	2	2	6	0	1	1	2	0	4	1	0
11577_15900	0	7	0	6	0	0	0	0	1	7	1	0
11577_16324	1	3	3	2	0	0	1	2	0	0	1	3
12031_2756	0	0	0	0	1	1	0	0	0	0	0	0
12031_4028	0	0	1	0	0	0	0	1	2	0	2	3
12031_4452	0	0	0	0	0	0	0	0	0	0	0	2
12031_4876	0	0	2	0	0	1	3	0	0	17	0	0
12031_5300	2	0	1	0	0	0	0	0	0	5	0	0
12031_5724	2	0	0	1	0	0	0	0	0	9	0	0
12031_6148	0	0	1	3	0	2	0	0	0	9	1	2
12031_6572	0	0	1	2	1	0	1	0	0	12	0	1
12031_6996	0	0	1	0	0	0	0	0	0	0	0	0
12031_7844	1	0	2	1	0	0	0	0	0	8	0	0
12031_8268	0	0	2	0	0	0	0	0	0	21	0	0
12031_8692	1	0	1	1	0	1	0	0	0	19	0	0
12031_9116	0	1	2	5	0	6	0	0	0	12	4	0
12031_9540	2	6	2	15	0	6	0	0	0	2	3	0
12031_9964	3	3	1	15	0	0	0	0	0	0	0	0
12031_10388	1	1	2	16	0	0	0	0	0	1	0	0
12031_10812	2	5	5	15	0	0	0	0	0	4	0	0
12031_11236	1	4	2	11	0	0	0	0	0	2	2	0
12031_11660	2	2	0	6	0	0	0	0	0	1	1	0
12031_12084	4	3	3	16	0	0	0	0	0	1	1	0
12031_12508	7	2	5	13	0	0	0	0	0	3	0	0
12031_12932	1	2	3	9	0	0	0	0	0	3	0	0
12031_13356	0	4	0	14	0	0	0	0	0	1	0	0
12031_13780	2	0	2	10	0	0	0	1	0	3	2	0
12031_14204	5	4	2	8	0	0	0	0	0	3	1	0
12031_14628	0	5	0	11	0	0	0	2	0	5	2	0
12031_15052	0	5	4	6	0	0	0	4	0	3	1	0
12031_15476	1	4	4	6	0	1	1	0	0	4	0	0
12031_15900	0	3	1	4	0	1	0	0	0	1	1	1
12031_16324	0	0	0	0	0	0	0	0	0	0	1	0
12485_636	0	0	0	0	1	0	0	0	1	0	0	0
12485_1060	1	0	0	0	0	2	0	0	4	0	3	0
12485_1484	0	0	0	0	0	3	1	0	3	0	0	0
12485_2332	0	0	0	0	0	3	0	0	5	0	0	0
12485_2756	0	0	0	0	1	6	3	0	6	0	0	0
12485_3180	0	0	0	0	0	0	0	0	2	0	0	0
12485_4028	0	0	0	0	0	5	1	0	0	0	2	2
12485_4876	1	0	5	0	0	0	1	0	0	4	1	5
12485_5300	0	0	0	0	0	0	0	0	0	14	0	4
12485_5724	0	0	0	0	0	0	1	0	0	5	0	5
12485_6572	0	0	0	0	0	1	0	0	0	14	0	4
12485_6996	0	0	1	0	0	0	0	0	0	0	0	0
12485_7420	0	0	1	0	0	0	0	0	0	0	0	0
12485_7844	3	0	0	0	0	1	0	0	0	6	0	0
12485_8268	0	0	1	0	0	0	0	0	0	25	0	0
12485_8692	0	0	1	1	0	4	1	0	1	22	1	0
12485_9116	0	1	0	13	0	9	0	1	1	7	2	0
12485_9540	0	2	3	25	0	2	0	0	0	1	0	0
12485_9964	2	8	1	11	0	0	0	0	0	4	0	0
12485_10388	4	4	1	12	0	0	0	0	0	3	0	0
12485_10812	3	2	3	10	0	0	0	0	0	2	1	0
12485_11236	3	5	0	9	0	1	0	0	0	6	1	0
12485_11660	2	4	0	11	0	0	0	0	0	1	0	0
12485_12084	4	0	2	12	0	0	0	0	0	5	0	0
12485_12508	1	4	2	13	0	0	0	0	0	8	0	0
12485_12932	1	3	3	9	0	0	0	0	0	2	0	0
12485_13356	0	5	1	22	0	0	0	1	0	4	0	0
12485_13780	0	6	2	6	0	0	0	0	0	7	2	0
12485_14204	0	4	0	5	0	0	0	2	0	2	2	0
12485_14628	1	10	3	9	0	1	0	1	0	1	0	0
12485_15052	0	11	1	9	0	1	1	2	0	3	2	0
12485_15476	0	4	2	2	0	0	1	2	0	0	2	1
12485_15900	0	1	0	0	0	1	0	1	0	0	0	1
12939_212	0	0	0	0	0	1	0	0	5	0	0	0
12939_636	0	0	1	0	0	6	2	3	5	0	2	0
12939_1060	0	0	1	0	0	10	0	1	8	0	3	0
12939_1908	0	0	0	0	0	0	0	0	7	0	0	0
12939_2332	0	0	0	0	2	6	0	2	20	0	0	0
12939_2756	1	0	2	0	1	8	1	2	12	0	4	0
12939_3180	0	0	7	0	2	4	2	0	6	0	2	0
12939_3604	0	0	0	0	0	1	0	0	0	0	0	0
12939_4028	0	0	0	0	0	1	0	0	0	0	1	6
12939_4452	0	0	1	0	0	0	0	0	0	0	0	0
12939_5300	0	0	0	0	0	0	0	0	0	1	0	2
12939_5724	1	0	0	0	0	1	0	0	0	4	0	4
12939_6148	0	0	1	0	0	0	1	0	0	5	0	4
12939_6572	0	0	1	1	0	0	0	0	0	20	0	2
12939_7420	1	0	1	0	0	0	0	0	0	2	0	0
12939_7844	1	0	0	0	0	0	0	0	0	12	1	0
12939_8268	0	0	0	0	0	2	0	0	2	24	2	0
12939_8692	8	0	1	0	0	4	3	2	0	2	7	0
12939_9116	0	1	0	3	0	9	3	14	1	5	3	0
12939_9540	0	12	0	14	0	1	0	1	1	2	1	0
12939_9964	1	9	1	12	0	0	0	1	0	1	1	0
12939_10388	0	9	0	16	0	0	0	0	0	4	0	0
12939_10812	1	8	1	6	0	0	0	1	0	3	1	0
12939_11236	0	6	0	8	0	0	0	2	0	5	2	0
12939_11660	2	2	3	15	0	0	0	0	0	2	1	0
12939_12084	0	0	2	16	0	0	0	0	0	3	2	1
12939_12508	2	3	2	19	0	0	0	1	0	1	0	0
12939_12932	0	1	4	9	0	0	0	1	0	3	2	0
12939_13356	0	7	1	15	0	1	0	2	0	3	0	0
12939_13780	2	4	1	8	0	0	0	1	0	1	2	0
12939_14204	2	8	2	10	0	0	0	1	0	1	0	0
12939_14628	0	4	2	12	0	1	0	0	0	2	3	0
12939_15052	0	5	3	7	0	3	1	2	0	4	0	1
12939_15476	0	0	0	0	0	2	2	0	0	0	0	0
13393_212	0	0	0	0	0	3	0	0	6	0	0	0
13393_636	0	0	0	0	0	8	2	3	9	0	2	0
13393_1060	1	0	0	0	0	1	0	2	2	0	0	0
13393_1908	0	0	0	0	1	5	2	0	9	0	0	0
13393_2332	0	0	1	0	1	5	5	2	16	0	2	0
13393_2756	0	0	0	0	3	6	0	1	8	0	2	0
13393_3180	1	0	0	0	11	3	0	1	6	0	3	6
13393_3604	0	0	0	0	0	1	0	0	1	0	2	9
13393_4028	0	0	0	0	0	0	0	0	0	0	0	2
13393_4876	0	0	0	0	0	0	0	0	0	7	0	0
13393_5300	2	0	1	0	0	1	2	0	0	16	0	1
13393_5724	1	0	0	0	0	0	0	0	0	12	1	0
13393_6148	0	0	2	0	0	0	0	0	0	11	0	0
13393_6572	1	0	0	0	0	0	0	0	0	3	0	0
13393_7420	2	0	0	0	0	0	0	0	0	7	0	0
13393_7844	0	0	1	0	0	0	0	0	0	31	0	0
13393_8268	2	0	2	1	0	0	0	0	0	16	0	0
13393_8692	4	0	0	0	0	4	2	5	2	10	5	2
13393_9116	0	0	0	0	0	7	9	2	0	0	3	3
13393_9540	0	4	0	6	0	0	8	2	1	2	1	1
13393_9964	1	6	4	7	0	0	0	1	0	3	3	0
13393_10388	0	5	2	14	0	0	0	3	0	3	1	0
13393_10812	0	6	1	8	0	0	0	2	0	3	1	0
13393_11236	0	7	1	6	0	0	0	2	0	2	1	0
13393_11660	0	3	2	12	0	0	0	0	0	3	1	0
13393_12084	0	3	1	9	0	0	0	1	0	2	1	1
13393_12508	0	0	2	4	0	0	0	1	0	3	1	0
13393_12932	0	1	3	13	0	0	0	2	0	2	4	0
13393_13356	0	6	2	14	0	0	0	3	0	4	1	0
13393_13780	0	4	4	7	0	0	0	1	0	1	2	0
13393_14204	1	11	0	10	0	2	0	1	0	0	4	0
13393_14628	0	6	1	6	0	0	3	1	0	1	3	2
13393_15052	0	1	0	0	0	2	0	1	2	0	1	6
13847_212	0	0	0	0	0	2	1	0	3	0	1	0
13847_636	0	0	0	0	0	2	0	1	4	0	1	0
13847_1484	0	0	0	0	2	5	2	0	9	0	1	0
13847_1908	0	0	0	0	1	7	6	5	16	0	1	0
13847_2332	0	0	0	0	1	3	2	0	12	0	1	1
13847_2756	0	0	0	0	9	4	1	3	7	0	1	3
13847_3180	0	0	0	0	10	0	0	0	0	0	0	1
13847_3604	0	0	0	0	0	1	0	0	3	0	0	8
13847_4876	2	0	0	0	0	0	0	0	0	12	1	1
13847_6996	1	0	1	0	0	0	0	0	0	3	0	0
13847_7420	0	0	0	0	0	0	0	0	0	20	0	0
13847_7844	0	0	3	0	0	0	0	0	0	19	0	1
13847_8268	0	0	1	0	0	0	0	0	0	22	2	1
13847_8692	0	0	0	0	0	1	0	0	0	0	0	2
13847_9540	0	0	0	0	0	0	1	1	0	0	1	1
13847_9964	0	2	0	1	0	3	4	1	0	1	1	0
13847_10388	0	5	0	5	0	0	3	1	0	3	0	1
13847_10812	0	8	1	4	0	4	1	1	0	2	2	1
13847_11236	0	8	1	8	0	0	0	1	0	0	0	0
13847_11660	0	5	2	9	0	0	1	0	0	5	6	0
13847_12084	0	8	1	10	0	0	0	0	0	2	2	0
13847_12508	0	5	2	4	0	0	0	0	0	1	1	0
13847_12932	0	10	1	11	0	1	0	3	0	3	2	0
13847_13356	1	9	1	15	0	1	0	3	0	2	3	1
13847_13780	0	3	3	3	0	1	1	2	0	0	2	4
13847_14204	0	6	0	0	0	1	0	0	0	0	3	4
13847_14628	0	0	0	0	0	0	0	0	0	0	0	2
14301_212	0	0	0	0	0	0	0	1	0	0	0	0
14301_636	0	0	0	0	0	1	1	0	0	0	1	0
14301_1060	0	0	0	0	0	0	3	1	1	0	0	0
14301_1484	0	0	0	0	0	0	9	0	15	0	0	0
14301_1908	0	0	0	0	1	0	4	1	13	0	1	3
14301_2332	0	0	0	0	0	0	0	0	0	0	0	1
14301_2756	0	0	0	0	0	0	0	0	0	0	0	1
14301_3180	0	0	0	0	0	0	3	2	3	0	0	6
14301_3604	0	0	0	0	0	0	3	0	3	0	0	5
14301_4452	0	0	0	0	0	0	0	0	1	11	0	5
14301_4876	2	0	0	0	0	0	0	0	0	12	0	0
14301_5724	0	0	0	0	0	0	0	0	0	1	0	0
14301_6148	0	0	0	0	0	0	0	0	0	3	0	0
14301_6572	0	0	0	0	0	0	0	0	0	2	0	0
14301_6996	0	0	2	0	0	2	0	0	0	12	1	0
14301_7420	3	0	0	0	0	0	0	0	0	16	0	0
14301_7844	0	0	1	0	0	0	0	0	0	16	0	0
14301_8268	0	0	2	0	0	0	0	0	0	17	0	0
14301_8692	1	0	0	0	0	0	0	0	0	14	1	5
14301_9116	0	0	0	1	0	0	0	0	0	21	0	4
14301_9540	0	0	1	1	0	1	0	0	0	17	1	2
14301_9964	0	0	0	0	0	1	0	1	0	15	0	2
14301_10388	0	0	0	0	0	0	0	0	0	7	0	3
14301_10812	0	0	0	0	0	0	0	0	0	0	0	1
14301_11236	0	0	0	0	0	0	3	1	0	0	0	1
14301_11660	0	1	3	5	0	3	3	1	1	1	2	5
14301_12084	0	3	2	3	0	3	2	3	0	0	2	0
14301_12508	0	4	2	2	0	3	0	1	0	2	2	1
14301_12932	0	4	2	3	0	0	2	3	0	3	3	4
14301_13356	0	3	3	1	0	2	1	2	0	1	3	3
14301_13780	0	0	0	0	0	0	0	0	0	0	0	1
14755_212	0	0	0	0	0	2	0	0	1	0	0	0
14755_636	0	0	0	0	0	0	0	1	0	0	1	0
14755_1060	0	0	1	0	0	3	4	2	10	0	0	0
14755_1484	0	0	1	0	1	2	6	4	13	0	0	0
14755_1908	0	0	1	0	5	2	5	3	7	0	3	3
14755_2332	0	0	0	0	0	0	0	0	0	0	0	1
14755_2756	0	0	0	0	0	0	3	1	1	0	0	3
14755_3180	5	0	1	0	0	1	1	1	7	0	8	0
14755_3604	0	0	0	0	0	1	3	0	7	0	2	5
14755_4452	1	0	0	0	0	0	1	0	1	7	0	0
14755_4876	0	0	0	0	0	0	0	0	0	8	0	1
14755_5300	2	0	1	0	0	0	0	0	0	15	0	0
14755_5724	3	0	1	0	0	0	0	0	0	11	0	0
14755_6148	0	0	1	2	0	1	0	0	0	19	0	0
14755_6572	1	0	1	1	0	0	0	0	0	13	0	0
14755_6996	0	0	0	0	0	0	0	0	0	28	0	0
14755_7420	1	0	0	0	0	0	0	0	0	7	0	0
14755_7844	1	0	0	0	0	0	0	0	0	5	0	0
14755_8268	0	0	3	0	0	0	0	0	0	19	0	0
14755_8692	2	0	0	0	0	0	0	0	0	16	2	0
14755_9116	0	0	0	0	0	1	0	0	0	20	0	0
14755_9540	2	0	2	0	0	0	0	0	0	7	0	0
14755_9964	1	0	0	1	0	0	0	0	0	9	0	0
14755_10388	0	0	0	1	0	0	0	0	0	16	0	2
14755_10812	0	0	0	0	0	0	0	0	0	2	1	4
14755_11236	0	0	1	0	0	0	0	0	0	0	0	0
15209_212	0	0	0	0	0	0	0	4	0	0	1	0
15209_636	0	0	0	0	0	1	1	1	1	0	2	0
15209_1060	1	0	0	0	0	6	3	7	19	0	2	0
15209_1484	0	0	0	0	0	5	1	1	21	0	0	0
15209_1908	0	0	0	0	3	2	1	1	7	0	1	0
15209_2332	0	0	0	0	1	5	3	2	8	0	2	5
15209_2756	0	0	0	0	0	2	2	2	6	0	3	8
15209_3180	4	0	0	0	0	3	2	3	15	0	2	2
15209_3604	0	0	0	0	0	0	2	0	0	0	0	4
15209_4876	0	0	0	0	0	0	1	0	0	0	0	1
15209_5300	0	0	0	0	0	1	4	0	1	5	0	2
15209_5724	3	0	1	1	0	0	0	1	1	3	0	7
15209_6148	0	0	1	0	0	1	0	0	0	23	1	0
15209_6572	1	0	2	1	0	1	0	1	0	19	1	0
15209_6996	1	0	1	0	0	0	0	0	0	17	1	0
15209_7420	2	0	2	0	0	0	0	0	0	13	0	0
15209_7844	1	0	1	1	0	0	0	0	0	9	0	0
15209_8268	2	0	1	1	0	0	0	0	0	5	0	0
15209_8692	1	0	0	0	0	0	0	0	0	9	0	0
15209_9116	1	0	2	0	0	0	0	0	0	2	0	0
15209_9540	0	0	1	0	0	0	0	0	0	0	0	0
15209_10388	0	0	0	1	0	0	0	0	0	2	0	0
15209_10812	0	0	1	0	0	0	0	0	0	15	0	1
15209_11236	0	0	0	0	0	1	0	0	0	11	1	10
15209_11660	1	0	0	0	0	0	0	0	0	1	0	6
15663_212	0	0	0	0	0	0	0	0	1	0	0	0
15663_636	0	0	0	0	0	3	0	0	3	0	1	0
15663_1060	2	0	0	0	1	4	1	4	12	0	2	0
15663_1484	0	0	2	0	0	4	4	2	17	0	2	0
15663_1908	2	0	0	0	0	6	2	4	6	0	3	0
15663_2332	0	0	0	0	0	5	3	6	12	0	3	0
15663_2756	0	0	0	0	0	5	2	1	2	0	1	5
15663_3180	0	0	0	0	0	2	1	1	2	0	1	4
15663_6148	0	0	0	0	0	1	1	1	1	7	0	2
15663_6572	1	0	0	0	0	0	1	1	0	3	0	4
15663_6996	0	0	1	0	0	0	1	0	1	8	3	2
15663_7420	2	0	1	1	0	0	1	0	0	16	0	0
15663_7844	0	0	0	1	0	0	0	0	0	16	1	0
15663_8268	2	0	0	0	0	0	0	0	0	8	0	0
15663_8692	2	0	0	0	0	0	0	0	0	1	0	0
15663_11660	0	0	1	0	0	0	0	0	0	4	0	0
15663_12084	1	0	2	1	0	0	0	0	0	2	0	0
15663_12508	0	0	1	0	0	0	0	0	0	0	0	0
16117_636	0	0	0	0	0	3	0	0	0	0	2	0
16117_1060	1	0	0	0	0	7	0	4	7	0	2	0
16117_1484	2	0	1	0	0	4	4	1	11	0	2	0
16117_1908	0	0	1	0	0	7	2	2	5	0	3	0
16117_2332	1	0	0	0	0	4	1	3	4	0	7	1
16117_2756	0	0	0	0	0	0	0	0	0	0	1	0
16117_6996	0	0	0	0	0	0	1	0	0	1	0	4
16117_7420	0	0	1	0	0	0	1	0	0	7	1	0
16117_7844	0	0	1	0	0	0	0	0	0	12	1	0
16117_8268	0	0	2	0	0	0	0	0	0	19	1	0
16117_8692	0	0	1	0	0	0	0	0	0	22	2	0
16117_9116	2	0	1	0	0	0	0	0	0	6	0	0
16117_10812	0	0	0	0	0	0	0	0	0	1	0	0
16117_11660	0	0	1	0	0	0	0	0	0	2	0	0
16117_12084	0	0	1	0	0	0	0	0	0	4	0	0
16571_636	0	0	0	0	0	1	0	0	0	0	1	0
16571_1060	0	0	0	0	1	7	3	0	3	0	0	0
16571_1484	1	0	0	0	0	1	3	1	6	0	1	0
16571_2332	0	0	1	0	0	1	0	0	0	0	2	0
16571_7844	0	0	0	0	0	0	0	0	0	0	0	1
16571_8268	0	0	0	0	0	0	0	0	0	12	0	6
16571_8692	1	0	3	0	0	0	0	0	0	19	0	0
16571_9116	0	0	0	0	0	0	0	0	0	14	0	0
16571_9540	1	0	0	0	0	0	0	0	0	1	0	0
16571_9964	0	0	1	0	0	0	0	0	0	0	0	0
16571_10388	1	0	1	0	0	0	0	0	0	0	0	0
16571_10812	3	0	1	1	0	0	0	0	0	12	2	0
16571_11236	1	0	2	0	0	0	0	0	0	7	1	0
16571_11660	1	0	1	0	0	0	0	0	0	8	0	0
16571_12084	0	0	2	0	0	0	0	0	0	8	0	0
17025_5300	0	0	0	0	0	0	0	0	0	0	1	0
17025_7844	0	0	0	0	0	0	0	0	0	9	0	7
17025_8268	0	0	0	0	0	0	0	0	0	19	0	1
17025_8692	0	0	0	1	0	0	0	0	0	18	0	0
17025_9116	3	0	0	0	0	0	0	0	0	16	0	0
17025_9540	1	0	1	0	0	0	0	0	0	17	0	0
17025_9964	0	0	0	0	0	0	0	0	0	19	0	0
17025_10388	1	0	3	0	0	0	0	0	0	11	2	0
17025_10812	0	0	1	1	0	0	1	0	0	9	0	0
17025_11236	0	0	0	0	0	1	0	0	0	5	1	5
17025_11660	0	0	1	0	0	0	0	1	0	2	0	3
17025_12084	0	0	0	0	0	2	0	0	0	1	0	2
17479_7844	0	0	0	0	0	0	2	0	0	9	0	3
17479_8268	0	0	1	0	0	0	0	0	0	17	0	0
17479_8692	0	0	0	0	0	0	0	0	0	20	0	0
17479_9116	4	0	0	0	0	0	0	0	0	13	0	0
17479_9540	3	0	0	0	0	0	0	0	0	2	0	0
17479_9964	3	0	0	0	0	0	0	0	0	14	1	0
17479_10388	0	0	0	0	0	0	0	0	1	15	0	1
17479_10812	0	0	0	0	0	0	1	1	1	1	0	3
17933_7844	0	0	0	0	0	0	0	0	0	0	0	1
17933_8268	0	0	0	0	0	0	0	0	1	7	0	4
17933_8692	0	0	0	0	0	0	3	0	1	6	0	4
17933_9116	0	0	0	0	0	0	5	0	1	10	1	2
17933_9540	2	0	0	0	0	0	0	1	0	13	0	2
17933_9964	2	0	0	0	0	0	0	0	1	12	0	2
17933_10388	0	0	0	0	0	0	0	0	0	0	0	1
