spot	x	y	layer_new
227_2332	227	2332	1
227_2756	227	2756	1
227_3180	227	3180	1
227_3604	227	3604	1
227_4028	227	4028	1
227_4452	227	4452	1
227_4876	227	4876	1
681_1484	681	1484	1
681_1908	681	1908	1
681_2332	681	2332	1
681_2756	681	2756	1
681_3180	681	3180	1
681_3604	681	3604	1
681_4028	681	4028	1
681_4452	681	4452	1
681_4876	681	4876	1
681_5300	681	5300	1
1135_1060	1135	1060	1
1135_1484	1135	1484	1
1135_1908	1135	1908	1
1135_2332	1135	2332	1
1135_2756	1135	2756	1
1135_3180	1135	3180	1
1135_3604	1135	3604	1
1135_4028	1135	4028	1
1135_4452	1135	4452	1
1135_4876	1135	4876	1
1135_5300	1135	5300	1
1135_8692	1135	8692	2
1135_9116	1135	9116	2
1135_9540	1135	9540	2
1135_9964	1135	9964	3
1135_10388	1135	10388	2
1135_10812	1135	10812	2
1135_11236	1135	11236	2
1589_1060	1589	1060	1
1589_1484	1589	1484	1
1589_1908	1589	1908	1
1589_2332	1589	2332	1
1589_2756	1589	2756	1
1589_3180	1589	3180	1
1589_3604	1589	3604	1
1589_4028	1589	4028	1
1589_4452	1589	4452	1
1589_4876	1589	4876	1
1589_5300	1589	5300	1
1589_5724	1589	5724	1
1589_7420	1589	7420	2
1589_8692	1589	8692	3
1589_9116	1589	9116	3
1589_9540	1589	9540	3
1589_9964	1589	9964	3
1589_10388	1589	10388	3
1589_10812	1589	10812	3
1589_11236	1589	11236	3
1589_11660	1589	11660	3
1589_12084	1589	12084	3
1589_12508	1589	12508	3
2043_1060	2043	1060	1
2043_1484	2043	1484	1
2043_1908	2043	1908	1
2043_2332	2043	2332	1
2043_2756	2043	2756	1
2043_3180	2043	3180	1
2043_4876	2043	4876	1
2043_5300	2043	5300	1
2043_5724	2043	5724	1
2043_7420	2043	7420	2
2043_8692	2043	8692	3
2043_9116	2043	9116	3
2043_9540	2043	9540	3
2043_9964	2043	9964	3
2043_10388	2043	10388	3
2043_10812	2043	10812	3
2043_11236	2043	11236	3
2043_11660	2043	11660	3
2043_12084	2043	12084	3
2043_12508	2043	12508	3
2043_12932	2043	12932	3
2043_13356	2043	13356	3
2043_13780	2043	13780	3
2497_1060	2497	1060	1
2497_1484	2497	1484	1
2497_1908	2497	1908	1
2497_2332	2497	2332	1
2497_2756	2497	2756	1
2497_4876	2497	4876	1
2497_5300	2497	5300	1
2497_5724	2497	5724	1
2497_7420	2497	7420	2
2497_8692	2497	8692	3
2497_9116	2497	9116	3
2497_9540	2497	9540	3
2497_9964	2497	9964	3
2497_10388	2497	10388	3
2497_10812	2497	10812	3
2497_11236	2497	11236	3
2497_11660	2497	11660	3
2497_12084	2497	12084	3
2497_12508	2497	12508	3
2497_12932	2497	12932	3
2497_13356	2497	13356	3
2497_13780	2497	13780	3
2497_14204	2497	14204	3
2951_1060	2951	1060	1
2951_1484	2951	1484	1
2951_1908	2951	1908	1
2951_2332	2951	2332	1
2951_2756	2951	2756	1
2951_4876	2951	4876	1
2951_5300	2951	5300	1
2951_5724	2951	5724	1
2951_6996	2951	6996	2
2951_8692	2951	8692	3
2951_9116	2951	9116	3
2951_9540	2951	9540	3
2951_9964	2951	9964	3
2951_10388	2951	10388	3
2951_10812	2951	10812	3
2951_11236	2951	11236	3
2951_11660	2951	11660	3
2951_12084	2951	12084	3
2951_12508	2951	12508	3
2951_12932	2951	12932	3
2951_13356	2951	13356	3
2951_13780	2951	13780	3
2951_14204	2951	14204	3
2951_14628	2951	14628	3
3405_1060	3405	1060	1
3405_1484	3405	1484	1
3405_1908	3405	1908	1
3405_2332	3405	2332	1
3405_2756	3405	2756	1
3405_4876	3405	4876	1
3405_5300	3405	5300	1
3405_6572	3405	6572	2
3405_6996	3405	6996	2
3405_8692	3405	8692	3
3405_9116	3405	9116	3
3405_9540	3405	9540	3
3405_9964	3405	9964	3
3405_10388	3405	10388	3
3405_10812	3405	10812	3
3405_11236	3405	11236	3
3405_11660	3405	11660	3
3405_12084	3405	12084	3
3405_12508	3405	12508	3
3405_12932	3405	12932	3
3405_13356	3405	13356	3
3405_13780	3405	13780	3
3405_14204	3405	14204	3
3405_14628	3405	14628	3
3405_15052	3405	15052	3
3859_1060	3859	1060	1
3859_1484	3859	1484	1
3859_1908	3859	1908	1
3859_2332	3859	2332	1
3859_2756	3859	2756	1
3859_4876	3859	4876	1
3859_5300	3859	5300	1
3859_5724	3859	5724	1
3859_6148	3859	6148	2
3859_6572	3859	6572	2
3859_6996	3859	6996	2
3859_8692	3859	8692	3
3859_9116	3859	9116	3
3859_9540	3859	9540	3
3859_9964	3859	9964	3
3859_10388	3859	10388	3
3859_10812	3859	10812	3
3859_11236	3859	11236	3
3859_11660	3859	11660	3
3859_12084	3859	12084	3
3859_12508	3859	12508	3
3859_12932	3859	12932	3
3859_13356	3859	13356	3
3859_13780	3859	13780	3
3859_14204	3859	14204	3
3859_14628	3859	14628	3
3859_15052	3859	15052	3
3859_15476	3859	15476	3
4313_1060	4313	1060	1
4313_1484	4313	1484	1
4313_1908	4313	1908	1
4313_2332	4313	2332	1
4313_2756	4313	2756	1
4313_3180	4313	3180	1
4313_5300	4313	5300	1
4313_5724	4313	5724	1
4313_6148	4313	6148	1
4313_6572	4313	6572	2
4313_6996	4313	6996	2
4313_8692	4313	8692	3
4313_9116	4313	9116	3
4313_9540	4313	9540	3
4313_9964	4313	9964	3
4313_10388	4313	10388	3
4313_10812	4313	10812	3
4313_11236	4313	11236	3
4313_11660	4313	11660	3
4313_12084	4313	12084	3
4313_12508	4313	12508	3
4313_12932	4313	12932	3
4313_13356	4313	13356	3
4313_13780	4313	13780	3
4313_14204	4313	14204	3
4313_14628	4313	14628	3
4313_15052	4313	15052	3
4313_15476	4313	15476	3
4313_15900	4313	15900	3
4767_636	4767	636	1
4767_1060	4767	1060	1
4767_1484	4767	1484	1
4767_1908	4767	1908	1
4767_2332	4767	2332	1
4767_2756	4767	2756	1
4767_3180	4767	3180	1
4767_5724	4767	5724	1
4767_6148	4767	6148	1
4767_6572	4767	6572	1
4767_6996	4767	6996	1
4767_7420	4767	7420	1
4767_8268	4767	8268	2
4767_8692	4767	8692	3
4767_9116	4767	9116	3
4767_9540	4767	9540	3
4767_9964	4767	9964	3
4767_10388	4767	10388	3
4767_10812	4767	10812	3
4767_11236	4767	11236	1
4767_11660	4767	11660	3
4767_12084	4767	12084	3
4767_12508	4767	12508	3
4767_12932	4767	12932	3
4767_13356	4767	13356	3
4767_13780	4767	13780	3
4767_14204	4767	14204	3
4767_14628	4767	14628	3
4767_15052	4767	15052	3
4767_15476	4767	15476	3
4767_15900	4767	15900	3
5221_636	5221	636	1
5221_1060	5221	1060	1
5221_1484	5221	1484	1
5221_1908	5221	1908	1
5221_2332	5221	2332	1
5221_2756	5221	2756	1
5221_3180	5221	3180	1
5221_5724	5221	5724	3
5221_6148	5221	6148	1
5221_6572	5221	6572	1
5221_6996	5221	6996	1
5221_7420	5221	7420	1
5221_7844	5221	7844	1
5221_8268	5221	8268	1
5221_8692	5221	8692	3
5221_9116	5221	9116	3
5221_9540	5221	9540	3
5221_9964	5221	9964	3
5221_10388	5221	10388	3
5221_10812	5221	10812	3
5221_11236	5221	11236	3
5221_11660	5221	11660	3
5221_12084	5221	12084	2
5221_12508	5221	12508	3
5221_12932	5221	12932	3
5221_13356	5221	13356	3
5221_13780	5221	13780	3
5221_14204	5221	14204	3
5221_14628	5221	14628	3
5221_15052	5221	15052	3
5221_15476	5221	15476	3
5221_15900	5221	15900	3
5675_636	5675	636	1
5675_1060	5675	1060	1
5675_1484	5675	1484	1
5675_1908	5675	1908	1
5675_2332	5675	2332	1
5675_2756	5675	2756	1
5675_3180	5675	3180	1
5675_5300	5675	5300	1
5675_5724	5675	5724	1
5675_6148	5675	6148	1
5675_6572	5675	6572	1
5675_6996	5675	6996	1
5675_7420	5675	7420	1
5675_7844	5675	7844	1
5675_8268	5675	8268	1
5675_8692	5675	8692	3
5675_9116	5675	9116	3
5675_9540	5675	9540	3
5675_9964	5675	9964	2
5675_10388	5675	10388	3
5675_10812	5675	10812	3
5675_11236	5675	11236	3
5675_11660	5675	11660	3
5675_12084	5675	12084	3
5675_12508	5675	12508	3
5675_12932	5675	12932	3
5675_13356	5675	13356	3
5675_13780	5675	13780	3
5675_14204	5675	14204	3
5675_14628	5675	14628	3
5675_15052	5675	15052	3
5675_15476	5675	15476	3
5675_15900	5675	15900	3
6129_636	6129	636	1
6129_1060	6129	1060	1
6129_1484	6129	1484	1
6129_1908	6129	1908	1
6129_2332	6129	2332	1
6129_2756	6129	2756	1
6129_3180	6129	3180	1
6129_5300	6129	5300	1
6129_5724	6129	5724	1
6129_6148	6129	6148	1
6129_6572	6129	6572	1
6129_6996	6129	6996	1
6129_7420	6129	7420	1
6129_7844	6129	7844	1
6129_8268	6129	8268	1
6129_8692	6129	8692	1
6129_9116	6129	9116	1
6129_9540	6129	9540	2
6129_9964	6129	9964	2
6129_10388	6129	10388	3
6129_10812	6129	10812	3
6129_11236	6129	11236	3
6129_11660	6129	11660	3
6129_12084	6129	12084	3
6129_12508	6129	12508	3
6129_12932	6129	12932	3
6129_13356	6129	13356	3
6129_13780	6129	13780	3
6129_14204	6129	14204	3
6129_14628	6129	14628	3
6129_15052	6129	15052	3
6129_15476	6129	15476	3
6129_15900	6129	15900	3
6583_1060	6583	1060	1
6583_1484	6583	1484	1
6583_1908	6583	1908	1
6583_2332	6583	2332	1
6583_2756	6583	2756	1
6583_3180	6583	3180	1
6583_5300	6583	5300	1
6583_5724	6583	5724	1
6583_6148	6583	6148	1
6583_6572	6583	6572	1
6583_6996	6583	6996	1
6583_7420	6583	7420	1
6583_7844	6583	7844	1
6583_8268	6583	8268	1
6583_8692	6583	8692	2
6583_9116	6583	9116	3
6583_9540	6583	9540	3
6583_9964	6583	9964	3
6583_10388	6583	10388	3
6583_10812	6583	10812	3
6583_11236	6583	11236	3
6583_11660	6583	11660	3
6583_12084	6583	12084	3
6583_12508	6583	12508	3
6583_12932	6583	12932	3
6583_13356	6583	13356	3
6583_13780	6583	13780	3
6583_14204	6583	14204	3
6583_14628	6583	14628	3
6583_15052	6583	15052	3
6583_15476	6583	15476	3
6583_15900	6583	15900	3
7037_1060	7037	1060	1
7037_1484	7037	1484	1
7037_1908	7037	1908	1
7037_2332	7037	2332	1
7037_2756	7037	2756	1
7037_3180	7037	3180	1
7037_3604	7037	3604	1
7037_4876	7037	4876	1
7037_5300	7037	5300	1
7037_5724	7037	5724	1
7037_6148	7037	6148	1
7037_6572	7037	6572	1
7037_6996	7037	6996	1
7037_7420	7037	7420	1
7037_7844	7037	7844	1
7037_8268	7037	8268	1
7037_9116	7037	9116	3
7037_9540	7037	9540	3
7037_9964	7037	9964	3
7037_10388	7037	10388	3
7037_10812	7037	10812	3
7037_11236	7037	11236	3
7037_11660	7037	11660	3
7037_12084	7037	12084	3
7037_12508	7037	12508	3
7037_12932	7037	12932	3
7037_13356	7037	13356	3
7037_13780	7037	13780	3
7037_14204	7037	14204	3
7037_14628	7037	14628	3
7037_15052	7037	15052	3
7037_15476	7037	15476	3
7037_15900	7037	15900	2
7491_1060	7491	1060	1
7491_1484	7491	1484	1
7491_1908	7491	1908	1
7491_2332	7491	2332	1
7491_2756	7491	2756	1
7491_3180	7491	3180	1
7491_4876	7491	4876	1
7491_5300	7491	5300	1
7491_5724	7491	5724	1
7491_6148	7491	6148	1
7491_6572	7491	6572	1
7491_6996	7491	6996	1
7491_7420	7491	7420	1
7491_7844	7491	7844	1
7491_8268	7491	8268	1
7491_8692	7491	8692	1
7491_9116	7491	9116	3
7491_9540	7491	9540	3
7491_9964	7491	9964	3
7491_10388	7491	10388	3
7491_10812	7491	10812	3
7491_11236	7491	11236	3
7491_11660	7491	11660	3
7491_12084	7491	12084	3
7491_12508	7491	12508	3
7491_12932	7491	12932	3
7491_13356	7491	13356	3
7491_13780	7491	13780	3
7491_14204	7491	14204	3
7491_14628	7491	14628	3
7491_15052	7491	15052	3
7491_15476	7491	15476	3
7491_15900	7491	15900	3
7945_1060	7945	1060	1
7945_1484	7945	1484	1
7945_1908	7945	1908	1
7945_2332	7945	2332	1
7945_2756	7945	2756	1
7945_3180	7945	3180	1
7945_4452	7945	4452	1
7945_4876	7945	4876	1
7945_5300	7945	5300	1
7945_5724	7945	5724	1
7945_6148	7945	6148	1
7945_6572	7945	6572	1
7945_6996	7945	6996	1
7945_7420	7945	7420	1
7945_7844	7945	7844	1
7945_8268	7945	8268	1
7945_8692	7945	8692	1
7945_9116	7945	9116	3
7945_9540	7945	9540	3
7945_9964	7945	9964	3
7945_10388	7945	10388	3
7945_10812	7945	10812	3
7945_11236	7945	11236	3
7945_11660	7945	11660	3
7945_12084	7945	12084	3
7945_12508	7945	12508	3
7945_12932	7945	12932	3
7945_13356	7945	13356	3
7945_13780	7945	13780	3
7945_14204	7945	14204	3
7945_14628	7945	14628	3
7945_15052	7945	15052	3
7945_15476	7945	15476	3
7945_15900	7945	15900	3
7945_16324	7945	16324	3
8399_1060	8399	1060	1
8399_1484	8399	1484	1
8399_1908	8399	1908	1
8399_2332	8399	2332	1
8399_2756	8399	2756	1
8399_4452	8399	4452	1
8399_4876	8399	4876	1
8399_5300	8399	5300	1
8399_5724	8399	5724	1
8399_6148	8399	6148	1
8399_7420	8399	7420	2
8399_7844	8399	7844	1
8399_8268	8399	8268	1
8399_8692	8399	8692	1
8399_9116	8399	9116	3
8399_9540	8399	9540	3
8399_9964	8399	9964	3
8399_10388	8399	10388	3
8399_10812	8399	10812	3
8399_11236	8399	11236	3
8399_11660	8399	11660	3
8399_12084	8399	12084	3
8399_12508	8399	12508	3
8399_12932	8399	12932	3
8399_13356	8399	13356	3
8399_13780	8399	13780	3
8399_14204	8399	14204	3
8399_14628	8399	14628	3
8399_15052	8399	15052	3
8399_15476	8399	15476	3
8399_15900	8399	15900	3
8399_16324	8399	16324	3
8399_16748	8399	16748	3
8853_636	8853	636	2
8853_1060	8853	1060	1
8853_1484	8853	1484	2
8853_1908	8853	1908	1
8853_2332	8853	2332	1
8853_2756	8853	2756	1
8853_4452	8853	4452	1
8853_4876	8853	4876	1
8853_5300	8853	5300	1
8853_5724	8853	5724	1
8853_6148	8853	6148	1
8853_7420	8853	7420	2
8853_7844	8853	7844	2
8853_8268	8853	8268	1
8853_8692	8853	8692	3
8853_9116	8853	9116	3
8853_9540	8853	9540	3
8853_9964	8853	9964	3
8853_10388	8853	10388	3
8853_10812	8853	10812	3
8853_11236	8853	11236	3
8853_11660	8853	11660	3
8853_12084	8853	12084	3
8853_12508	8853	12508	3
8853_12932	8853	12932	3
8853_13356	8853	13356	3
8853_13780	8853	13780	3
8853_14204	8853	14204	3
8853_14628	8853	14628	3
8853_15052	8853	15052	3
8853_15476	8853	15476	3
8853_15900	8853	15900	3
8853_16324	8853	16324	3
8853_16748	8853	16748	3
9307_1908	9307	1908	1
9307_2332	9307	2332	1
9307_2756	9307	2756	1
9307_4452	9307	4452	1
9307_4876	9307	4876	1
9307_5300	9307	5300	1
9307_5724	9307	5724	1
9307_6148	9307	6148	1
9307_6572	9307	6572	2
9307_6996	9307	6996	2
9307_7420	9307	7420	2
9307_7844	9307	7844	2
9307_8268	9307	8268	2
9307_8692	9307	8692	3
9307_9116	9307	9116	3
9307_9540	9307	9540	3
9307_9964	9307	9964	3
9307_10388	9307	10388	3
9307_10812	9307	10812	3
9307_11236	9307	11236	3
9307_11660	9307	11660	3
9307_12084	9307	12084	3
9307_12508	9307	12508	2
9307_12932	9307	12932	2
9307_13356	9307	13356	3
9307_13780	9307	13780	3
9307_14204	9307	14204	3
9307_14628	9307	14628	3
9307_15052	9307	15052	3
9307_15476	9307	15476	3
9307_15900	9307	15900	3
9307_16324	9307	16324	3
9307_16748	9307	16748	3
9761_1484	9761	1484	2
9761_1908	9761	1908	2
9761_2332	9761	2332	2
9761_2756	9761	2756	2
9761_4452	9761	4452	1
9761_4876	9761	4876	1
9761_5300	9761	5300	1
9761_5724	9761	5724	1
9761_6148	9761	6148	1
9761_6572	9761	6572	1
9761_6996	9761	6996	2
9761_7420	9761	7420	2
9761_7844	9761	7844	2
9761_8268	9761	8268	2
9761_8692	9761	8692	3
9761_9116	9761	9116	3
9761_9540	9761	9540	3
9761_12932	9761	12932	3
9761_13356	9761	13356	3
9761_13780	9761	13780	3
9761_14204	9761	14204	3
9761_14628	9761	14628	3
9761_15052	9761	15052	3
9761_15476	9761	15476	3
9761_15900	9761	15900	3
9761_16324	9761	16324	3
9761_16748	9761	16748	3
10215_1484	10215	1484	2
10215_1908	10215	1908	2
10215_2332	10215	2332	2
10215_2756	10215	2756	2
10215_4028	10215	4028	2
10215_4452	10215	4452	1
10215_4876	10215	4876	1
10215_5300	10215	5300	1
10215_5724	10215	5724	1
10215_6148	10215	6148	1
10215_6572	10215	6572	1
10215_6996	10215	6996	1
10215_7420	10215	7420	1
10215_7844	10215	7844	2
10215_8268	10215	8268	3
10215_8692	10215	8692	3
10215_9116	10215	9116	3
10215_9540	10215	9540	3
10215_12932	10215	12932	3
10215_13356	10215	13356	3
10215_13780	10215	13780	3
10215_14204	10215	14204	3
10215_14628	10215	14628	3
10215_15052	10215	15052	3
10215_15476	10215	15476	3
10215_15900	10215	15900	3
10215_16324	10215	16324	3
10215_16748	10215	16748	3
10669_636	10669	636	2
10669_1060	10669	1060	2
10669_1484	10669	1484	2
10669_1908	10669	1908	2
10669_2332	10669	2332	2
10669_2756	10669	2756	2
10669_3180	10669	3180	2
10669_4452	10669	4452	1
10669_4876	10669	4876	1
10669_5724	10669	5724	1
10669_6148	10669	6148	1
10669_6572	10669	6572	1
10669_6996	10669	6996	1
10669_7420	10669	7420	1
10669_7844	10669	7844	1
10669_8268	10669	8268	1
10669_8692	10669	8692	3
10669_9116	10669	9116	3
10669_9540	10669	9540	2
10669_11236	10669	11236	3
10669_11660	10669	11660	3
10669_12084	10669	12084	3
10669_12508	10669	12508	3
10669_12932	10669	12932	3
10669_13356	10669	13356	3
10669_13780	10669	13780	3
10669_14204	10669	14204	3
10669_14628	10669	14628	3
10669_15052	10669	15052	3
10669_15476	10669	15476	3
10669_15900	10669	15900	3
10669_16324	10669	16324	3
10669_16748	10669	16748	3
11123_636	11123	636	2
11123_1060	11123	1060	2
11123_1484	11123	1484	2
11123_1908	11123	1908	2
11123_2332	11123	2332	2
11123_2756	11123	2756	2
11123_4452	11123	4452	1
11123_4876	11123	4876	1
11123_6148	11123	6148	1
11123_6572	11123	6572	1
11123_6996	11123	6996	1
11123_7420	11123	7420	1
11123_7844	11123	7844	1
11123_8268	11123	8268	1
11123_8692	11123	8692	3
11123_9116	11123	9116	3
11123_9540	11123	9540	3
11123_9964	11123	9964	3
11123_10812	11123	10812	3
11123_11236	11123	11236	3
11123_11660	11123	11660	3
11123_12084	11123	12084	3
11123_12508	11123	12508	3
11123_12932	11123	12932	3
11123_13356	11123	13356	3
11123_13780	11123	13780	3
11123_14204	11123	14204	3
11123_14628	11123	14628	3
11123_15052	11123	15052	3
11123_15476	11123	15476	3
11123_15900	11123	15900	3
11123_16324	11123	16324	3
11123_16748	11123	16748	3
11577_1484	11577	1484	2
11577_1908	11577	1908	2
11577_2332	11577	2332	2
11577_4028	11577	4028	2
11577_4452	11577	4452	1
11577_4876	11577	4876	1
11577_5300	11577	5300	1
11577_5724	11577	5724	1
11577_6572	11577	6572	1
11577_6996	11577	6996	1
11577_7420	11577	7420	1
11577_7844	11577	7844	1
11577_8268	11577	8268	1
11577_8692	11577	8692	1
11577_9116	11577	9116	3
11577_9540	11577	9540	3
11577_9964	11577	9964	3
11577_10388	11577	10388	3
11577_10812	11577	10812	3
11577_11236	11577	11236	3
11577_11660	11577	11660	3
11577_12084	11577	12084	3
11577_12508	11577	12508	3
11577_12932	11577	12932	3
11577_13356	11577	13356	3
11577_13780	11577	13780	3
11577_14204	11577	14204	3
11577_14628	11577	14628	3
11577_15052	11577	15052	3
11577_15476	11577	15476	3
11577_15900	11577	15900	3
11577_16324	11577	16324	3
12031_2756	12031	2756	2
12031_4028	12031	4028	2
12031_4452	12031	4452	2
12031_4876	12031	4876	1
12031_5300	12031	5300	1
12031_5724	12031	5724	1
12031_6148	12031	6148	1
12031_6572	12031	6572	1
12031_6996	12031	6996	1
12031_7844	12031	7844	1
12031_8268	12031	8268	1
12031_8692	12031	8692	1
12031_9116	12031	9116	3
12031_9540	12031	9540	3
12031_9964	12031	9964	3
12031_10388	12031	10388	3
12031_10812	12031	10812	3
12031_11236	12031	11236	3
12031_11660	12031	11660	3
12031_12084	12031	12084	3
12031_12508	12031	12508	3
12031_12932	12031	12932	3
12031_13356	12031	13356	3
12031_13780	12031	13780	3
12031_14204	12031	14204	3
12031_14628	12031	14628	3
12031_15052	12031	15052	3
12031_15476	12031	15476	3
12031_15900	12031	15900	3
12031_16324	12031	16324	2
12485_636	12485	636	2
12485_1060	12485	1060	2
12485_1484	12485	1484	2
12485_2332	12485	2332	2
12485_2756	12485	2756	2
12485_3180	12485	3180	2
12485_4028	12485	4028	2
12485_4876	12485	4876	1
12485_5300	12485	5300	1
12485_5724	12485	5724	1
12485_6572	12485	6572	1
12485_6996	12485	6996	1
12485_7420	12485	7420	1
12485_7844	12485	7844	1
12485_8268	12485	8268	1
12485_8692	12485	8692	1
12485_9116	12485	9116	3
12485_9540	12485	9540	3
12485_9964	12485	9964	3
12485_10388	12485	10388	3
12485_10812	12485	10812	3
12485_11236	12485	11236	3
12485_11660	12485	11660	3
12485_12084	12485	12084	3
12485_12508	12485	12508	3
12485_12932	12485	12932	3
12485_13356	12485	13356	3
12485_13780	12485	13780	3
12485_14204	12485	14204	3
12485_14628	12485	14628	3
12485_15052	12485	15052	3
12485_15476	12485	15476	3
12485_15900	12485	15900	3
12939_212	12939	212	2
12939_636	12939	636	2
12939_1060	12939	1060	2
12939_1908	12939	1908	2
12939_2332	12939	2332	2
12939_2756	12939	2756	2
12939_3180	12939	3180	2
12939_3604	12939	3604	2
12939_4028	12939	4028	2
12939_4452	12939	4452	2
12939_5300	12939	5300	1
12939_5724	12939	5724	1
12939_6148	12939	6148	1
12939_6572	12939	6572	1
12939_7420	12939	7420	1
12939_7844	12939	7844	1
12939_8268	12939	8268	1
12939_8692	12939	8692	1
12939_9116	12939	9116	3
12939_9540	12939	9540	3
12939_9964	12939	9964	3
12939_10388	12939	10388	3
12939_10812	12939	10812	3
12939_11236	12939	11236	3
12939_11660	12939	11660	3
12939_12084	12939	12084	3
12939_12508	12939	12508	3
12939_12932	12939	12932	3
12939_13356	12939	13356	3
12939_13780	12939	13780	3
12939_14204	12939	14204	3
12939_14628	12939	14628	3
12939_15052	12939	15052	3
12939_15476	12939	15476	3
13393_212	13393	212	2
13393_636	13393	636	2
13393_1060	13393	1060	2
13393_1908	13393	1908	2
13393_2332	13393	2332	2
13393_2756	13393	2756	2
13393_3180	13393	3180	2
13393_3604	13393	3604	2
13393_4028	13393	4028	2
13393_4876	13393	4876	1
13393_5300	13393	5300	1
13393_5724	13393	5724	1
13393_6148	13393	6148	1
13393_6572	13393	6572	1
13393_7420	13393	7420	1
13393_7844	13393	7844	1
13393_8268	13393	8268	1
13393_8692	13393	8692	1
13393_9116	13393	9116	2
13393_9540	13393	9540	3
13393_9964	13393	9964	3
13393_10388	13393	10388	3
13393_10812	13393	10812	3
13393_11236	13393	11236	3
13393_11660	13393	11660	3
13393_12084	13393	12084	3
13393_12508	13393	12508	3
13393_12932	13393	12932	3
13393_13356	13393	13356	3
13393_13780	13393	13780	3
13393_14204	13393	14204	3
13393_14628	13393	14628	3
13393_15052	13393	15052	3
13847_212	13847	212	2
13847_636	13847	636	2
13847_1484	13847	1484	2
13847_1908	13847	1908	2
13847_2332	13847	2332	2
13847_2756	13847	2756	2
13847_3180	13847	3180	2
13847_3604	13847	3604	2
13847_4876	13847	4876	1
13847_6996	13847	6996	1
13847_7420	13847	7420	1
13847_7844	13847	7844	1
13847_8268	13847	8268	1
13847_8692	13847	8692	1
13847_9540	13847	9540	2
13847_9964	13847	9964	3
13847_10388	13847	10388	3
13847_10812	13847	10812	3
13847_11236	13847	11236	3
13847_11660	13847	11660	3
13847_12084	13847	12084	3
13847_12508	13847	12508	3
13847_12932	13847	12932	3
13847_13356	13847	13356	3
13847_13780	13847	13780	3
13847_14204	13847	14204	3
13847_14628	13847	14628	2
14301_212	14301	212	2
14301_636	14301	636	2
14301_1060	14301	1060	2
14301_1484	14301	1484	2
14301_1908	14301	1908	2
14301_2332	14301	2332	2
14301_2756	14301	2756	2
14301_3180	14301	3180	2
14301_3604	14301	3604	2
14301_4452	14301	4452	1
14301_4876	14301	4876	1
14301_5724	14301	5724	1
14301_6148	14301	6148	1
14301_6572	14301	6572	1
14301_6996	14301	6996	1
14301_7420	14301	7420	1
14301_7844	14301	7844	1
14301_8268	14301	8268	1
14301_8692	14301	8692	1
14301_9116	14301	9116	1
14301_9540	14301	9540	1
14301_9964	14301	9964	1
14301_10388	14301	10388	1
14301_10812	14301	10812	1
14301_11236	14301	11236	2
14301_11660	14301	11660	3
14301_12084	14301	12084	3
14301_12508	14301	12508	3
14301_12932	14301	12932	3
14301_13356	14301	13356	3
14301_13780	14301	13780	3
14755_212	14755	212	2
14755_636	14755	636	2
14755_1060	14755	1060	2
14755_1484	14755	1484	2
14755_1908	14755	1908	2
14755_2332	14755	2332	2
14755_2756	14755	2756	2
14755_3180	14755	3180	2
14755_3604	14755	3604	2
14755_4452	14755	4452	1
14755_4876	14755	4876	1
14755_5300	14755	5300	1
14755_5724	14755	5724	1
14755_6148	14755	6148	1
14755_6572	14755	6572	1
14755_6996	14755	6996	1
14755_7420	14755	7420	1
14755_7844	14755	7844	1
14755_8268	14755	8268	1
14755_8692	14755	8692	1
14755_9116	14755	9116	1
14755_9540	14755	9540	1
14755_9964	14755	9964	1
14755_10388	14755	10388	1
14755_10812	14755	10812	1
14755_11236	14755	11236	1
15209_212	15209	212	2
15209_636	15209	636	2
15209_1060	15209	1060	2
15209_1484	15209	1484	2
15209_1908	15209	1908	2
15209_2332	15209	2332	2
15209_2756	15209	2756	2
15209_3180	15209	3180	2
15209_3604	15209	3604	2
15209_4876	15209	4876	1
15209_5300	15209	5300	1
15209_5724	15209	5724	1
15209_6148	15209	6148	1
15209_6572	15209	6572	1
15209_6996	15209	6996	1
15209_7420	15209	7420	1
15209_7844	15209	7844	1
15209_8268	15209	8268	1
15209_8692	15209	8692	1
15209_9116	15209	9116	1
15209_9540	15209	9540	1
15209_10388	15209	10388	1
15209_10812	15209	10812	1
15209_11236	15209	11236	1
15209_11660	15209	11660	1
15663_212	15663	212	2
15663_636	15663	636	2
15663_1060	15663	1060	2
15663_1484	15663	1484	2
15663_1908	15663	1908	2
15663_2332	15663	2332	2
15663_2756	15663	2756	2
15663_3180	15663	3180	2
15663_6148	15663	6148	1
15663_6572	15663	6572	1
15663_6996	15663	6996	1
15663_7420	15663	7420	1
15663_7844	15663	7844	1
15663_8268	15663	8268	1
15663_8692	15663	8692	1
15663_11660	15663	11660	1
15663_12084	15663	12084	1
15663_12508	15663	12508	1
16117_636	16117	636	2
16117_1060	16117	1060	2
16117_1484	16117	1484	2
16117_1908	16117	1908	2
16117_2332	16117	2332	2
16117_2756	16117	2756	2
16117_6996	16117	6996	1
16117_7420	16117	7420	1
16117_7844	16117	7844	1
16117_8268	16117	8268	1
16117_8692	16117	8692	1
16117_9116	16117	9116	1
16117_10812	16117	10812	1
16117_11660	16117	11660	1
16117_12084	16117	12084	1
16571_636	16571	636	2
16571_1060	16571	1060	2
16571_1484	16571	1484	2
16571_2332	16571	2332	2
16571_7844	16571	7844	1
16571_8268	16571	8268	1
16571_8692	16571	8692	1
16571_9116	16571	9116	1
16571_9540	16571	9540	1
16571_9964	16571	9964	1
16571_10388	16571	10388	1
16571_10812	16571	10812	1
16571_11236	16571	11236	1
16571_11660	16571	11660	1
16571_12084	16571	12084	1
17025_5300	17025	5300	2
17025_7844	17025	7844	1
17025_8268	17025	8268	1
17025_8692	17025	8692	1
17025_9116	17025	9116	1
17025_9540	17025	9540	1
17025_9964	17025	9964	1
17025_10388	17025	10388	1
17025_10812	17025	10812	1
17025_11236	17025	11236	1
17025_11660	17025	11660	1
17025_12084	17025	12084	1
17479_7844	17479	7844	1
17479_8268	17479	8268	1
17479_8692	17479	8692	1
17479_9116	17479	9116	1
17479_9540	17479	9540	1
17479_9964	17479	9964	1
17479_10388	17479	10388	1
17479_10812	17479	10812	1
17933_7844	17933	7844	1
17933_8268	17933	8268	1
17933_8692	17933	8692	1
17933_9116	17933	9116	1
17933_9540	17933	9540	1
17933_9964	17933	9964	1
17933_10388	17933	10388	1
