	400_27600	400_28400	400_29200	400_30000	400_30800	400_31600	400_32400	400_33200	400_34000	400_34800	400_35600	400_36400	400_37200	400_38000	400_38800	400_39600	400_40400	400_41200	400_42000	400_42800	400_43600	400_44400	400_45200	400_46000	400_46800	400_47600	1200_26000	1200_26800	1200_27600	1200_28400	1200_29200	1200_30000	1200_30800	1200_31600	1200_32400	1200_33200	1200_34000	1200_34800	1200_35600	1200_36400	1200_37200	1200_38000	1200_38800	1200_39600	1200_40400	1200_41200	1200_42000	1200_42800	1200_43600	1200_44400	1200_45200	1200_46000	1200_46800	1200_47600	2000_25200	2000_26000	2000_26800	2000_28400	2000_29200	2000_30000	2000_30800	2000_31600	2000_32400	2000_33200	2000_34000	2000_34800	2000_35600	2000_36400	2000_37200	2000_38000	2000_38800	2000_39600	2000_40400	2000_41200	2000_42000	2000_42800	2000_43600	2000_44400	2000_45200	2000_46000	2000_46800	2000_47600	2800_26000	2800_26800	2800_27600	2800_28400	2800_30000	2800_30800	2800_31600	2800_32400	2800_33200	2800_34000	2800_34800	2800_35600	2800_36400	2800_37200	2800_38000	2800_38800	2800_39600	2800_40400	2800_41200	2800_42000	2800_42800	2800_43600	2800_44400	2800_45200	2800_46000	2800_46800	2800_47600	3600_25200	3600_26000	3600_26800	3600_27600	3600_28400	3600_30000	3600_31600	3600_32400	3600_33200	3600_34000	3600_34800	3600_35600	3600_36400	3600_37200	3600_38000	3600_38800	3600_39600	3600_40400	3600_41200	3600_42000	3600_42800	3600_43600	3600_44400	3600_45200	3600_46000	3600_46800	3600_47600	4400_25200	4400_26000	4400_27600	4400_28400	4400_29200	4400_30000	4400_30800	4400_31600	4400_32400	4400_33200	4400_34000	4400_34800	4400_35600	4400_36400	4400_37200	4400_38000	4400_38800	4400_39600	4400_40400	4400_41200	4400_42000	4400_42800	4400_43600	4400_44400	4400_45200	4400_46000	4400_46800	5200_23600	5200_24400	5200_25200	5200_26000	5200_26800	5200_29200	5200_30000	5200_30800	5200_31600	5200_32400	5200_33200	5200_34000	5200_34800	5200_35600	5200_36400	5200_37200	5200_38000	5200_38800	5200_39600	5200_40400	5200_41200	5200_42000	5200_42800	5200_43600	5200_44400	5200_45200	5200_46000	5200_46800	6000_23600	6000_25200	6000_26000	6000_26800	6000_29200	6000_30000	6000_30800	6000_31600	6000_32400	6000_33200	6000_34000	6000_34800	6000_35600	6000_36400	6000_37200	6000_38000	6000_38800	6000_39600	6000_40400	6000_41200	6000_42000	6000_42800	6000_43600	6000_44400	6000_45200	6000_46000	6000_46800	6800_23600	6800_25200	6800_26000	6800_26800	6800_27600	6800_28400	6800_29200	6800_30000	6800_30800	6800_31600	6800_32400	6800_33200	6800_34000	6800_34800	6800_35600	6800_36400	6800_37200	6800_38000	6800_38800	6800_39600	6800_40400	6800_41200	6800_42000	6800_42800	6800_43600	6800_44400	6800_45200	6800_46000	7600_22000	7600_23600	7600_24400	7600_25200	7600_26000	7600_27600	7600_28400	7600_29200	7600_30000	7600_30800	7600_31600	7600_32400	7600_33200	7600_34000	7600_34800	7600_35600	7600_36400	7600_37200	7600_38000	7600_38800	7600_39600	7600_40400	7600_41200	7600_42000	7600_42800	7600_43600	7600_44400	7600_45200	7600_46000	8400_22800	8400_23600	8400_24400	8400_26800	8400_27600	8400_28400	8400_29200	8400_30000	8400_30800	8400_31600	8400_32400	8400_33200	8400_34000	8400_34800	8400_35600	8400_36400	8400_37200	8400_38000	8400_38800	8400_39600	8400_40400	8400_41200	8400_42000	8400_42800	8400_43600	8400_44400	8400_45200	8400_46000	8400_46800	9200_21200	9200_22000	9200_22800	9200_23600	9200_24400	9200_26000	9200_26800	9200_27600	9200_28400	9200_29200	9200_30000	9200_30800	9200_31600	9200_32400	9200_33200	9200_34000	9200_34800	9200_35600	9200_36400	9200_37200	9200_38000	9200_38800	9200_39600	9200_40400	9200_41200	9200_42000	9200_42800	9200_43600	9200_44400	9200_45200	9200_46800	10000_21200	10000_22000	10000_22800	10000_25200	10000_26000	10000_26800	10000_27600	10000_28400	10000_29200	10000_30000	10000_30800	10000_31600	10000_32400	10000_33200	10000_34000	10000_34800	10000_35600	10000_36400	10000_37200	10000_38000	10000_38800	10000_39600	10000_40400	10000_41200	10000_42000	10000_42800	10000_43600	10000_44400	10000_45200	10000_47600	10800_20400	10800_21200	10800_22000	10800_22800	10800_24400	10800_25200	10800_26000	10800_26800	10800_27600	10800_28400	10800_29200	10800_30000	10800_30800	10800_31600	10800_32400	10800_33200	10800_34000	10800_34800	10800_35600	10800_36400	10800_37200	10800_38000	10800_38800	10800_39600	10800_40400	10800_41200	10800_42000	10800_42800	10800_43600	10800_44400	10800_47600	11600_20400	11600_21200	11600_22800	11600_24400	11600_25200	11600_26000	11600_26800	11600_27600	11600_28400	11600_29200	11600_30000	11600_30800	11600_31600	11600_32400	11600_33200	11600_34000	11600_34800	11600_35600	11600_36400	11600_37200	11600_38000	11600_38800	11600_39600	11600_40400	11600_41200	11600_42000	11600_42800	11600_43600	11600_44400	12400_20400	12400_22000	12400_22800	12400_24400	12400_25200	12400_26000	12400_26800	12400_27600	12400_28400	12400_29200	12400_30000	12400_30800	12400_31600	12400_32400	12400_33200	12400_34000	12400_34800	12400_35600	12400_36400	12400_37200	12400_38000	12400_38800	12400_39600	12400_40400	12400_41200	12400_42000	12400_42800	12400_43600	13200_20400	13200_21200	13200_22000	13200_22800	13200_23600	13200_24400	13200_25200	13200_26000	13200_26800	13200_27600	13200_28400	13200_29200	13200_30000	13200_30800	13200_31600	13200_32400	13200_33200	13200_34000	13200_34800	13200_35600	13200_36400	13200_37200	13200_38000	13200_38800	13200_39600	13200_40400	13200_41200	13200_42000	13200_42800	13200_43600	14000_20400	14000_21200	14000_22000	14000_22800	14000_23600	14000_24400	14000_25200	14000_26000	14000_26800	14000_27600	14000_28400	14000_29200	14000_30000	14000_30800	14000_31600	14000_32400	14000_33200	14000_34000	14000_34800	14000_35600	14000_36400	14000_37200	14000_38000	14000_38800	14000_39600	14000_40400	14000_41200	14000_42000	14000_42800	14000_43600	14000_46800	14800_20400	14800_21200	14800_22000	14800_22800	14800_23600	14800_24400	14800_25200	14800_26000	14800_26800	14800_27600	14800_28400	14800_29200	14800_30000	14800_30800	14800_31600	14800_32400	14800_33200	14800_34000	14800_34800	14800_35600	14800_36400	14800_37200	14800_38000	14800_38800	14800_39600	14800_40400	14800_41200	14800_42000	14800_42800	15600_20400	15600_21200	15600_22000	15600_22800	15600_23600	15600_24400	15600_25200	15600_26000	15600_26800	15600_27600	15600_28400	15600_29200	15600_30000	15600_30800	15600_31600	15600_32400	15600_33200	15600_34000	15600_34800	15600_35600	15600_36400	15600_37200	15600_38000	15600_38800	15600_39600	15600_40400	15600_41200	15600_42000	16400_20400	16400_21200	16400_22000	16400_22800	16400_23600	16400_24400	16400_25200	16400_26000	16400_26800	16400_27600	16400_28400	16400_29200	16400_30000	16400_30800	16400_31600	16400_32400	16400_33200	16400_34000	16400_34800	16400_35600	16400_36400	16400_37200	16400_38000	16400_38800	16400_39600	16400_40400	16400_41200	16400_42000	17200_20400	17200_21200	17200_22000	17200_22800	17200_23600	17200_24400	17200_25200	17200_26000	17200_26800	17200_27600	17200_28400	17200_29200	17200_30000	17200_30800	17200_31600	17200_32400	17200_33200	17200_34000	17200_34800	17200_35600	17200_36400	17200_37200	17200_38000	17200_38800	17200_39600	17200_41200	18000_20400	18000_21200	18000_22000	18000_22800	18000_23600	18000_24400	18000_25200	18000_26000	18000_26800	18000_27600	18000_28400	18000_29200	18000_30000	18000_30800	18000_31600	18000_32400	18000_33200	18000_34000	18000_34800	18000_35600	18000_36400	18000_37200	18000_38000	18000_38800	18000_39600	18000_40400	18800_20400	18800_21200	18800_22000	18800_22800	18800_23600	18800_24400	18800_25200	18800_26000	18800_26800	18800_27600	18800_28400	18800_29200	18800_30000	18800_30800	18800_31600	18800_32400	18800_33200	18800_34000	18800_34800	18800_35600	18800_36400	18800_37200	18800_38000	18800_38800	18800_40400	19600_25200	19600_26000	19600_26800	19600_27600	19600_28400	19600_29200	19600_30000	19600_30800	19600_31600	19600_32400	19600_33200	19600_34000	19600_34800	19600_35600	19600_36400	19600_37200	19600_39600	20400_25200	20400_26000	20400_26800	20400_27600	20400_28400	20400_29200	20400_30000	20400_30800	20400_31600	20400_32400	20400_33200	20400_34000	20400_34800	20400_35600	20400_36400	20400_37200	20400_38000	20400_38800	20400_39600	21200_31600	21200_32400	21200_33200	21200_34000	21200_34800	21200_35600	21200_36400	21200_37200	21200_38000	21200_38800	22000_31600	22000_32400	22000_33200	22000_34000	22000_34800	22000_35600	22000_38000	22000_39600	22800_31600	22800_33200	22800_34000	22800_34800	22800_35600	22800_37200	23600_37200
Gad2	31	10	1	17	2	19	183	14	44	239	90	131	77	17	101	174	25	94	9	9	17	10	20	31	3	13	9	4	16	129	123	5	6	32	43	149	275	108	21	206	18	53	4	18	77	49	253	36	13	229	104	59	16	23	7	47	22	82	26	1	15	122	36	14	226	162	15	135	104	14	132	78	36	123	3	84	2	9	60	24	16	52	9	15	12	58	3	158	22	37	164	162	140	14	63	49	91	96	233	23	129	21	85	61	130	33	204	48	56	6	16	17	51	186	28	27	20	151	166	65	8	17	16	45	63	73	21	49	15	24	34	26	133	142	16	332	23	8	12	312	7	14	65	81	350	350	156	4	222	8	52	414	55	117	44	246	326	22	78	205	77	52	69	4	8	250	20	0	25	32	45	17	38	157	58	11	123	2	236	158	14	23	48	47	89	11	56	22	90	22	5	12	20	25	17	41	76	92	168	163	39	75	9	14	49	13	8	61	40	107	68	56	21	131	34	39	11	21	81	88	22	49	107	47	3	73	48	63	15	26	52	10	6	86	58	36	77	147	137	6	30	298	131	33	192	7	73	49	14	68	122	12	26	38	43	15	112	153	32	128	11	32	42	90	18	80	14	52	100	21	128	138	12	37	3	5	51	17	6	74	27	125	32	29	18	51	156	86	16	215	215	102	81	25	22	257	18	13	7	73	63	6	7	5	38	172	24	325	12	14	6	64	26	82	27	30	223	9	273	8	32	79	199	236	72	14	42	70	15	28	115	40	146	80	5	19	44	15	521	27	44	11	47	52	106	245	24	144	25	181	16	150	60	85	98	257	26	11	131	240	95	33	79	22	5	15	13	36	1	8	8	43	58	36	158	14	44	22	20	22	67	28	64	4	138	13	17	3	22	26	12	4	4	206	13	1	38	13	24	12	7	29	102	243	12	109	25	103	7	7	17	17	19	31	143	20	49	34	11	110	22	119	86	80	5	21	64	12	32	68	36	15	59	26	343	36	12	87	15	34	172	15	50	55	145	285	6	8	208	85	11	12	109	212	3	73	40	42	18	123	192	20	52	86	173	125	52	213	35	155	51	26	32	31	152	24	135	24	43	45	0	35	28	26	57	18	36	25	23	50	224	14	80	99	369	7	192	146	76	35	14	22	149	36	96	44	12	46	113	32	43	13	7	0	13	55	25	10	14	201	180	15	16	126	24	179	133	10	39	14	144	37	16	117	150	11	32	7	48	80	101	59	21	24	38	35	7	30	106	18	36	50	106	44	49	3	8	16	61	36	18	34	27	164	71	60	13	40	1	106	134	14	177	10	16	52	32	36	22	163	56	142	130	33	190	21	27	31	17	6	26	15	35	115	10	174	3	3	18	19	31	33	61	49	131	130	19	3	410	92	158	40	20	134	35	99	42	38	34	21	61	22	82	26	19	27	14	41	27	32	86	2	124	29	109	6	183	14	34	137	58	15	19	33	87	44	130	31	18	109	86	20	18	13	113	7	172	17	2	23	157	15	7	22	6	64	188	15	4	52	49	11	102	31	75	2	11	14	7	81	44	274	30	16	81	32	49	70	4	16	25	74	9	9	126	8	7	14	42	13	180	34	36	132	13	178	19	19	151	52	23	5	61	72	33	243	65	35	12	30	50	11	141	84	24	16	24	149	15	12	12	10	19	53	5	13	25
Slc32a1	3	6	0	3	2	8	84	4	3	125	60	148	31	6	27	90	3	82	0	0	1	7	3	2	0	0	3	4	6	59	66	15	0	2	6	11	192	31	4	158	2	22	1	3	16	23	62	7	2	88	42	9	3	2	0	0	2	45	25	0	5	47	6	5	79	83	0	121	92	2	51	48	4	43	0	62	2	5	33	5	0	5	0	3	3	18	4	162	7	4	109	94	49	8	7	43	30	30	160	2	94	8	11	46	124	1	201	22	20	0	4	2	47	44	0	7	2	35	53	28	2	2	4	16	42	27	2	21	1	9	16	6	94	86	2	21	0	5	0	94	2	0	17	6	185	60	68	2	102	1	11	279	5	51	2	154	138	3	9	83	28	24	10	0	0	30	12	3	11	2	2	1	10	32	20	5	15	2	60	106	2	6	8	4	80	5	1	2	10	0	0	0	3	1	0	18	12	30	46	87	3	45	0	1	28	3	0	16	4	10	16	14	8	28	11	37	2	1	47	30	12	18	65	13	0	6	3	24	4	1	8	19	5	56	33	4	18	103	111	2	11	63	39	3	58	1	27	10	5	51	61	0	9	5	2	0	54	77	6	91	1	14	1	12	5	29	3	20	43	0	33	30	4	17	0	2	8	2	1	22	1	9	3	3	4	10	81	30	5	110	103	52	51	5	10	157	10	3	1	20	6	0	0	12	15	191	4	144	34	0	6	20	1	1	6	6	43	7	126	0	3	24	88	25	4	1	4	29	0	4	50	7	31	0	2	0	5	11	341	4	9	2	1	3	85	90	8	62	2	45	9	67	10	2	7	93	1	14	15	78	37	12	31	1	2	0	5	15	1	1	4	1	1	6	37	7	44	5	32	9	12	10	41	0	104	4	2	1	1	3	8	2	0	38	4	1	1	4	13	3	3	2	93	47	2	60	3	35	2	0	3	1	1	9	65	7	2	9	3	77	9	43	23	31	1	37	58	2	4	4	0	4	4	4	129	8	0	49	2	7	74	4	8	7	60	76	0	4	81	30	1	8	41	84	0	13	10	0	10	31	59	0	0	60	63	38	23	144	42	25	2	4	2	2	40	0	34	3	2	12	0	5	5	34	55	0	3	8	3	9	68	9	46	38	135	1	93	81	22	3	0	7	4	14	40	6	6	19	35	6	10	10	1	2	0	14	4	12	1	59	20	7	12	58	12	50	65	14	17	19	49	7	2	43	29	6	36	2	15	27	35	8	9	0	2	3	3	4	28	1	5	9	22	34	34	1	2	7	24	7	2	6	20	62	24	16	0	18	0	23	23	4	33	1	6	4	22	2	6	47	66	74	47	23	46	3	12	11	3	0	9	6	8	26	0	31	0	2	0	5	1	2	23	2	27	45	3	5	196	51	102	5	3	57	27	87	12	20	2	11	14	12	14	8	6	6	5	2	6	8	87	1	96	2	77	9	151	2	11	83	10	2	5	21	48	3	32	3	7	47	9	3	1	0	60	1	145	1	2	24	73	2	0	18	12	36	42	6	2	22	7	2	55	18	17	1	0	0	7	163	4	168	6	10	22	11	9	31	0	7	7	22	4	0	91	4	1	0	33	4	67	15	21	14	6	25	9	13	30	10	29	2	6	9	8	13	103	8	4	17	12	6	44	27	3	4	8	5	25	5	0	0	0	13	1	1	2
Crhbp	2	8	0	2	0	1	79	3	0	11	0	6	0	6	5	1	1	28	0	0	0	9	2	0	1	0	4	0	1	0	137	4	2	0	4	6	112	16	0	29	2	4	0	0	4	6	0	0	1	34	33	14	1	0	1	0	0	97	20	0	2	106	6	1	13	81	1	40	68	2	19	2	3	2	1	8	0	1	14	0	0	2	0	0	4	28	0	136	2	1	17	1	47	0	2	36	12	20	134	0	0	2	1	0	20	0	3	0	11	0	2	2	19	100	1	3	2	54	75	4	1	0	4	10	24	1	1	4	1	11	24	7	50	16	0	3	0	2	1	192	0	0	2	3	114	0	3	1	27	2	1	107	2	7	2	8	6	0	0	42	3	3	5	0	0	0	1	5	24	0	4	3	3	2	18	2	0	3	6	10	0	1	4	0	23	0	0	2	4	0	2	1	0	0	0	2	41	8	1	4	1	30	0	1	2	0	0	1	0	2	1	4	3	20	25	2	3	2	13	3	3	54	37	20	0	4	6	4	2	1	0	20	4	18	7	4	16	2	4	8	8	147	36	0	1	2	0	3	6	1	198	0	4	1	3	0	33	3	1	8	2	7	3	6	2	29	1	11	0	0	16	4	1	0	0	2	1	0	1	2	1	2	5	2	0	12	128	2	2	26	20	1	3	1	2	82	2	2	0	3	1	0	0	4	1	174	1	330	24	0	3	2	1	1	2	4	53	1	4	0	5	3	248	1	2	0	4	0	0	12	12	9	14	8	1	0	5	2	443	11	8	0	3	1	10	2	1	30	2	13	3	29	7	4	5	116	4	4	2	155	41	15	1	7	4	0	5	79	0	1	3	4	6	7	8	4	0	4	8	5	12	2	2	0	15	1	0	1	3	6	7	1	0	0	11	3	2	1	0	0	1	1	20	156	1	31	1	17	1	0	0	1	1	6	5	3	0	2	1	13	2	39	3	1	2	1	72	1	0	4	1	3	3	0	21	3	0	14	2	1	4	3	12	6	1	53	0	0	22	2	2	3	1	2	1	11	10	0	11	46	1	1	8	18	49	6	20	51	15	9	5	1	1	5	48	2	15	2	0	4	2	0	1	0	13	0	2	8	5	9	33	2	12	1	169	1	122	72	2	3	1	4	4	3	14	4	3	8	1	3	0	10	1	1	0	12	5	3	0	73	35	4	7	46	6	110	35	4	2	2	26	9	1	5	8	4	10	1	2	9	13	0	14	0	13	2	5	5	42	1	9	3	8	1	5	1	1	2	8	0	1	2	17	62	23	3	2	0	0	0	0	3	16	4	3	7	28	9	5	69	9	21	14	0	16	0	2	10	0	2	3	2	8	4	0	13	0	0	2	5	1	2	20	0	23	13	6	2	156	51	16	6	2	8	30	27	7	2	5	4	15	10	4	0	6	8	4	1	0	12	4	0	27	0	24	0	10	2	10	11	3	2	1	7	13	3	3	4	5	0	5	1	1	1	30	3	1	1	0	8	26	2	0	12	16	8	73	4	0	3	5	1	14	4	1	0	0	1	2	40	7	121	8	5	22	8	9	2	2	3	6	26	0	0	22	0	3	0	6	4	54	7	3	3	3	65	1	1	1	0	4	3	11	2	9	9	71	12	16	2	0	3	73	2	1	1	10	6	28	21	2	5	1	0	0	5	0
Cnr1	1	14	1	10	0	16	1	9	38	48	21	36	22	14	3	57	0	15	0	0	3	13	16	21	0	0	7	6	6	133	30	5	3	1	19	24	131	49	94	115	74	20	5	22	39	13	11	0	7	23	10	16	9	7	0	1	0	30	0	0	4	6	17	37	77	59	17	54	36	33	21	30	17	61	3	58	24	49	15	10	12	2	0	7	15	42	1	23	1	28	69	48	33	47	78	5	36	66	25	22	11	20	62	93	41	22	44	93	23	9	4	1	34	3	12	13	11	46	27	26	42	14	36	42	56	12	12	34	12	23	18	32	40	123	8	118	3	14	8	12	1	9	4	43	139	116	72	21	113	20	6	74	39	32	42	70	162	13	67	99	39	24	28	1	3	13	37	4	8	6	10	15	43	40	78	28	68	15	42	18	13	25	30	51	108	22	27	23	49	12	0	1	20	27	13	10	6	46	27	68	41	10	20	31	48	3	37	25	17	58	38	41	37	58	28	37	1	3	1	57	20	7	21	28	0	17	27	44	24	15	42	56	30	43	9	25	32	25	19	11	40	32	27	15	200	3	69	39	42	5	9	0	13	9	8	1	47	53	24	117	37	13	18	41	13	11	31	38	43	32	34	27	14	38	1	29	71	28	0	14	2	30	42	16	16	35	91	85	49	100	46	28	11	17	18	56	42	16	12	34	21	11	2	8	0	54	41	10	0	6	3	11	9	17	38	44	26	33	58	98	86	13	58	27	11	25	17	64	21	38	18	11	53	29	7	12	72	47	35	16	19	8	4	73	36	26	7	44	26	53	107	43	23	23	26	42	20	23	40	23	24	47	22	3	18	21	27	50	1	3	4	2	15	17	152	23	42	23	48	59	32	40	16	4	28	15	24	6	19	21	12	16	1	7	12	1	128	53	11	2	3	1	73	33	21	27	11	30	56	52	41	21	3	23	12	23	62	35	19	43	25	19	29	27	4	2	6	2	4	8	19	16	34	19	93	26	15	93	41	32	56	27	48	86	121	37	11	13	28	35	24	18	26	56	1	15	17	10	14	27	17	73	28	32	33	44	27	23	27	15	36	32	15	21	38	10	19	43	28	36	6	15	11	3	47	13	7	16	9	74	45	25	109	25	39	16	27	9	10	7	4	11	67	41	25	24	17	30	76	29	13	10	4	0	2	23	6	27	8	39	23	24	38	24	12	13	61	30	2	14	8	17	4	60	72	23	51	15	33	131	50	29	20	1	5	8	9	18	40	14	14	14	22	15	56	21	2	6	35	12	10	22	27	31	53	42	20	93	6	56	13	1	29	16	14	21	27	28	19	47	6	47	29	11	22	3	22	43	4	2	36	15	60	76	7	74	1	2	0	8	28	26	21	30	34	49	2	15	38	72	18	17	3	14	26	26	15	92	40	23	50	49	33	13	9	18	9	21	15	18	28	6	10	12	26	7	27	2	19	11	33	8	31	53	17	33	43	48	10	22	17	5	11	5	35	1	10	7	3	32	33	6	0	28	18	7	22	13	10	53	33	39	84	14	11	12	1	12	24	5	6	14	16	9	11	28	28	61	14	31	52	23	4	1	49	1	5	1	7	26	17	25	27	65	27	55	34	21	39	8	3	1	27	58	64	76	1	38	40	22	4	6	5	32	16	29	71	15	23	17	6	28	16	67	6	9	4
Vip	5	9	1	10	1	28	33	19	34	17	10	12	19	27	2	18	11	16	13	3	6	19	10	15	2	3	0	4	9	77	52	3	10	46	74	27	28	71	16	54	20	6	3	18	36	20	153	33	19	59	32	17	4	37	1	24	9	6	1	1	3	14	24	17	18	10	6	17	5	5	6	14	22	52	2	8	2	6	13	21	4	10	10	6	5	15	2	11	33	36	12	44	15	5	24	4	11	20	38	27	11	12	11	25	25	9	7	120	23	12	14	4	14	3	37	12	16	10	9	8	2	5	11	14	9	5	11	47	17	21	16	6	17	20	2	38	9	12	6	2	4	5	14	45	80	178	17	9	23	0	16	18	57	26	19	25	19	13	15	91	30	83	23	0	0	0	14	3	37	30	52	27	22	15	32	16	16	10	4	30	9	19	18	12	14	4	16	8	21	2	2	1	2	13	5	22	54	30	39	35	10	11	8	7	93	14	14	80	15	51	19	10	14	32	19	66	2	8	1	9	5	7	2	33	0	55	18	22	11	6	30	12	22	7	26	20	16	31	5	5	29	9	21	15	7	7	49	15	8	2	17	15	16	36	24	7	26	20	8	18	6	4	9	11	19	12	18	4	28	13	4	19	11	1	2	6	13	8	1	68	23	50	11	23	12	31	19	15	9	35	17	10	14	16	19	18	35	6	2	7	3	6	6	4	35	26	11	6	4	8	16	23	24	31	20	10	21	19	12	16	12	7	8	28	21	7	13	123	22	24	6	21	12	49	7	6	18	27	12	17	38	8	10	20	5	10	19	9	4	3	11	13	12	37	22	31	1	13	15	8	7	30	17	9	16	0	3	7	6	18	3	13	30	25	45	5	35	10	10	8	10	18	2	0	19	11	24	2	10	29	5	6	1	6	6	4	24	9	1	18	16	12	63	23	17	11	3	11	5	11	9	6	10	15	4	15	17	7	15	13	16	65	1	6	21	1	12	42	17	32	21	10	21	15	19	18	5	20	3	14	18	17	25	27	100	13	3	2	11	79	6	14	27	24	4	49	33	10	35	20	14	25	21	10	7	16	4	19	52	15	33	4	18	21	29	8	12	42	28	8	10	6	16	8	37	21	5	29	35	28	24	23	26	41	5	7	5	11	18	13	8	9	87	11	9	18	11	14	52	12	2	9	3	0	10	24	23	18	6	52	14	19	23	19	17	26	22	10	3	14	8	26	6	88	119	7	21	5	29	107	9	9	15	14	38	27	10	10	15	7	10	23	28	7	28	3	3	15	34	9	16	14	22	24	17	68	16	57	0	22	11	3	40	9	10	14	9	13	22	16	1	29	15	2	12	7	14	22	16	14	9	34	14	68	2	53	1	8	26	11	10	16	48	21	7	20	14	3	30	24	12	8	4	23	40	17	21	65	14	15	32	55	62	18	45	48	8	22	6	13	15	0	15	12	9	1	10	5	25	23	18	18	12	20	4	10	32	10	22	20	14	16	22	5	8	14	18	4	22	10	14	5	2	25	19	11	39	11	21	55	22	15	89	7	3	7	1	4	6	19	12	4	8	11	26	45	34	75	7	29	17	17	12	13	14	7	8	30	22	31	23	31	22	18	16	28	11	10	41	18	17	3	137	34	45	72	3	34	20	11	0	62	7	16	10	11	34	17	43	9	4	6	8	81	3	11	13
Cpne5	0	19	1	0	0	0	24	9	6	18	21	4	6	7	0	71	13	18	7	16	9	20	37	14	4	1	0	0	0	37	5	1	0	2	28	52	53	78	51	38	34	36	4	29	69	28	36	7	71	94	49	46	16	9	0	0	1	12	0	0	0	11	18	11	33	13	9	2	4	15	4	20	11	7	4	24	6	47	15	6	3	0	1	2	26	28	0	5	0	52	47	51	52	30	14	14	16	70	44	33	9	43	32	105	76	41	87	4	1	0	0	0	29	1	0	10	15	10	46	12	13	12	0	6	17	22	13	14	42	40	23	56	41	49	0	5	0	4	1	2	0	0	0	44	26	37	50	12	19	1	1	19	24	8	17	56	9	5	45	76	37	8	2	0	0	0	38	1	0	0	12	47	106	81	78	8	56	11	26	4	14	28	33	115	105	10	17	53	113	32	0	0	11	15	3	0	2	10	5	32	51	14	0	4	8	3	22	21	10	53	43	48	39	77	50	18	1	0	0	28	10	0	0	0	0	15	36	62	30	23	20	20	16	11	13	39	30	41	54	35	117	65	84	42	7	0	1	19	18	2	0	0	0	2	10	6	75	23	14	35	2	5	2	17	10	11	41	25	36	73	40	46	19	1	0	16	32	9	0	1	0	18	33	44	19	30	33	30	14	40	40	18	6	21	21	116	87	31	30	65	1	0	1	2	0	24	16	14	2	0	0	0	1	11	68	42	113	28	31	6	7	31	83	41	11	36	63	80	79	98	29	46	2	0	0	1	6	0	9	0	1	2	6	30	42	10	29	18	4	6	26	28	12	19	23	57	33	45	22	73	33	11	0	0	0	0	0	3	0	0	0	0	0	25	31	43	35	60	15	28	20	30	16	4	20	13	30	14	71	60	23	42	4	0	0	0	1	1	0	0	1	0	3	20	12	7	7	10	4	2	4	6	4	21	6	22	73	28	55	32	17	20	4	0	0	0	2	0	0	9	2	16	69	80	18	21	2	16	3	2	9	10	47	91	114	67	17	11	24	37	6	0	0	0	0	0	0	0	1	10	51	18	48	11	16	8	0	37	2	3	29	6	19	40	82	14	16	55	56	107	8	0	3	0	0	0	0	3	2	35	22	26	22	13	1	5	3	1	3	3	1	9	4	52	33	32	16	54	40	18	2	0	0	1	1	0	0	6	1	29	21	34	41	36	5	18	2	5	0	6	2	7	11	10	76	48	35	35	55	55	6	1	0	0	0	0	2	7	21	13	25	8	30	2	0	0	0	9	0	1	0	7	35	33	29	6	13	26	2	1	0	0	23	14	9	16	27	7	4	15	2	10	5	7	6	2	3	5	0	15	40	27	77	26	4	6	0	0	0	11	17	10	16	34	37	77	4	1	46	11	6	6	1	4	15	9	39	4	83	11	18	78	2	0	2	1	4	14	6	5	20	1	0	0	7	0	1	0	3	4	5	3	40	12	5	17	5	10	2	0	0	16	8	0	12	1	2	4	0	1	10	1	0	2	2	2	19	7	10	21	28	10	12	11	1	0	1	0	0	0	0	2	0	0	0	2	1	1	2	7	5	4	0	0	2	1	2	0	0	0	1	3	3	2	20	16	11	8	7	0	0	0	4	1	10	20	0	2	2	0	0	0	0	2	0	4	8	1	0	0	2	4	2	8	0	0	0
Pthlh	0	11	0	0	0	0	5	4	6	10	2	1	3	6	5	5	9	30	0	0	1	16	1	0	0	0	5	2	2	2	4	22	0	1	8	4	3	24	0	11	6	1	0	1	4	11	114	5	1	6	1	1	1	4	1	0	0	3	2	1	1	2	7	0	8	2	1	12	3	0	3	13	5	2	0	11	0	2	2	6	2	5	0	1	2	3	0	0	2	2	4	4	2	2	2	1	4	3	22	5	15	6	0	2	15	2	2	9	9	0	2	0	32	4	7	2	2	5	4	7	6	2	6	0	2	14	2	17	0	4	0	4	8	8	0	2	0	0	0	2	0	2	5	5	18	48	8	1	3	2	4	41	5	9	2	11	3	1	2	13	24	7	4	1	0	1	2	4	6	2	6	0	6	10	22	3	2	0	0	16	2	3	5	12	6	0	14	4	7	0	1	1	1	1	0	2	9	7	0	2	1	7	0	0	11	4	1	35	3	11	14	1	3	8	4	10	10	3	66	37	2	2	2	9	0	10	11	0	3	0	6	27	5	9	1	12	4	37	23	6	3	6	4	2	2	1	20	0	2	41	10	1	1	2	6	1	5	4	3	15	5	3	6	12	3	2	1	5	47	2	1	5	1	0	2	2	0	7	0	8	2	11	8	2	4	11	3	10	2	11	22	19	7	1	3	6	9	5	0	4	0	0	1	5	3	90	0	27	16	0	2	16	3	4	16	4	3	3	8	0	5	2	6	27	7	0	2	76	1	4	5	6	4	14	2	1	4	10	1	4	18	3	0	1	5	1	0	1	1	4	10	36	6	2	2	12	2	6	3	2	3	55	8	2	6	0	8	20	0	2	3	3	2	5	36	5	3	7	8	7	8	0	1	0	19	5	2	1	0	4	5	3	0	0	5	0	7	1	0	3	3	3	2	0	3	5	7	4	1	1	1	0	0	4	15	4	2	7	3	13	2	16	1	0	9	2	0	2	3	3	0	3	4	2	11	2	1	9	4	2	17	5	4	4	10	4	1	2	11	8	10	1	11	2	0	0	10	0	1	4	2	7	0	23	9	0	7	2	12	13	4	3	1	1	3	0	7	10	0	10	2	4	2	3	14	1	4	12	6	8	4	2	10	4	16	1	11	21	12	4	1	6	7	7	6	6	2	3	23	0	1	0	1	0	0	3	8	6	4	4	9	2	10	6	2	14	17	8	6	5	20	4	2	60	10	4	13	1	4	1	16	0	6	0	3	5	10	7	2	2	4	4	14	2	7	2	5	7	37	2	3	3	11	10	13	21	3	4	0	1	3	2	88	3	2	5	12	3	10	6	11	7	14	0	21	1	20	4	1	1	1	1	16	8	0	5	1	1	5	4	1	4	0	0	2	2	6	4	32	2	26	5	3	16	6	21	11	32	5	2	9	2	6	4	10	3	0	1	1	13	2	0	11	4	4	0	36	2	6	32	8	0	2	6	4	3	13	0	5	0	7	1	1	0	8	2	0	2	2	0	14	1	2	3	7	15	2	2	0	7	4	0	19	3	1	1	0	1	1	21	5	19	4	4	15	9	7	24	1	2	4	3	3	0	11	1	0	2	16	2	95	2	5	5	10	1	4	3	10	0	6	0	25	10	2	9	2	9	4	42	0	1	1	0	2	0	9	5	25	5	1	1	2	26	2	3	2
Crh	0	10	0	0	0	2	17	4	8	26	1	0	1	7	1	4	0	15	0	0	1	15	2	1	0	0	2	5	1	5	5	16	2	1	20	5	8	10	0	7	2	1	0	1	11	11	7	0	7	2	3	2	3	2	0	0	1	3	2	0	7	3	12	0	2	1	1	1	3	4	0	4	2	27	0	5	1	5	3	5	9	3	1	2	3	3	1	6	2	8	4	53	2	2	8	1	2	10	2	4	0	9	3	1	2	3	7	10	7	1	3	5	5	3	1	24	1	1	1	7	1	7	5	1	9	0	1	18	3	7	1	1	5	1	2	0	0	3	1	4	0	2	10	4	6	21	35	2	5	1	3	3	5	1	5	9	6	5	5	4	13	59	4	2	0	2	8	4	10	2	18	1	3	8	10	5	2	4	8	6	3	3	8	8	2	0	11	4	7	0	1	0	3	1	0	3	6	8	21	1	0	12	9	1	12	0	0	0	8	28	0	16	2	12	0	4	7	4	1	5	0	1	0	23	0	2	6	1	8	0	1	15	6	2	5	5	6	6	3	3	12	8	8	7	4	1	4	3	1	4	0	0	16	5	7	1	4	4	1	11	2	1	2	4	2	0	2	7	17	2	4	6	1	1	0	8	4	1	0	11	4	50	2	5	1	13	3	3	3	5	5	3	4	3	8	3	12	3	1	5	1	1	1	6	14	14	7	3	0	16	3	8	4	16	15	12	24	4	18	0	5	5	23	4	15	0	4	8	0	12	5	3	22	36	10	3	4	13	33	12	9	0	22	8	2	32	1	25	0	1	6	3	11	9	6	16	4	7	3	9	4	30	16	1	17	2	1	4	3	5	3	14	19	8	28	9	11	7	40	7	3	3	6	0	15	1	11	1	8	5	2	4	2	5	4	2	6	2	2	1	1	2	6	2	1	4	11	10	4	0	3	3	0	4	3	4	7	3	3	5	5	6	1	1	1	0	7	3	6	4	1	2	14	5	117	12	0	6	1	2	0	5	18	2	6	12	0	0	10	2	1	4	5	4	1	11	17	4	46	2	3	0	9	5	20	78	5	2	12	3	1	3	4	4	12	0	6	6	2	4	10	1	15	2	55	10	6	11	13	10	13	3	4	30	34	1	0	1	6	5	1	6	43	9	10	8	6	8	29	8	3	16	1	0	3	13	8	6	4	12	10	6	8	7	4	4	16	4	1	10	15	10	7	25	20	6	8	3	9	11	6	0	3	5	5	3	4	5	6	3	5	5	12	2	13	4	2	6	21	5	11	6	34	21	10	64	6	34	0	3	8	5	61	7	14	8	23	7	11	11	2	18	7	0	29	1	11	17	13	19	6	3	6	33	0	75	0	1	2	11	4	3	7	5	0	7	2	4	12	11	6	9	2	12	14	9	19	29	6	14	29	27	19	36	13	8	1	1	14	11	16	0	6	2	8	5	9	1	8	6	9	5	16	15	1	4	39	12	13	1	8	8	0	2	5	2	42	6	2	0	2	2	0	9	12	9	4	4	24	21	14	12	117	4	2	2	1	0	1	2	9	2	11	4	5	13	10	75	4	6	9	13	2	1	2	0	1	2	6	5	18	23	7	18	16	5	11	15	5	8	3	0	9	18	14	22	1	17	58	6	0	22	4	19	14	4	23	7	19	15	3	6	3	53	5	2	0
Tbr1	50	19	2	42	20	38	23	88	220	216	102	102	84	32	4	41	71	85	88	80	70	58	67	31	9	44	30	12	27	37	20	16	50	53	126	335	412	268	146	137	204	158	58	42	191	181	157	50	104	184	58	40	38	125	2	82	20	19	9	4	16	53	254	196	219	140	123	24	20	69	75	79	77	101	20	152	47	97	30	14	13	99	5	10	7	22	12	26	34	274	256	246	223	96	99	33	85	59	107	103	86	118	64	48	71	40	64	2	85	27	40	26	39	16	8	74	187	95	66	172	82	76	23	18	121	64	34	56	109	116	37	38	44	46	23	141	32	60	14	56	29	37	70	355	156	177	173	94	107	22	55	55	143	179	121	150	58	23	59	116	53	17	123	5	4	0	28	5	126	34	227	338	462	223	346	88	170	44	218	20	54	153	92	217	149	36	23	44	125	10	11	7	14	31	3	46	239	121	114	156	330	38	24	27	93	70	47	77	80	183	194	107	85	101	58	90	55	46	4	62	14	8	54	45	11	258	338	288	170	138	71	94	32	61	30	110	162	114	71	22	110	97	104	30	84	20	30	25	40	20	8	14	54	58	172	115	186	202	211	69	21	32	60	62	108	73	116	148	38	75	57	51	43	6	13	26	80	74	23	107	13	202	245	421	76	314	50	204	46	57	175	40	64	104	181	236	90	32	41	90	22	32	8	5	1	88	38	83	8	12	12	41	73	321	198	159	452	60	59	8	40	10	64	137	102	64	129	169	127	126	41	37	67	144	4	36	135	59	45	24	57	44	52	275	266	117	184	158	25	39	194	177	83	118	138	160	107	99	61	44	20	52	15	8	0	19	37	63	5	15	17	53	51	139	104	150	139	269	163	76	119	102	21	20	135	52	71	25	173	88	24	16	5	1	37	0	67	40	1	13	30	26	20	126	128	111	83	174	60	23	60	34	26	90	82	92	192	105	79	95	46	30	15	12	21	17	24	51	21	55	62	153	200	192	235	154	55	48	69	56	190	53	173	221	260	76	58	27	18	100	14	23	73	8	2	51	26	44	52	64	117	68	175	169	157	76	74	56	61	49	114	102	147	116	162	26	49	57	36	73	10	21	78	24	116	39	29	91	72	156	224	124	156	155	16	29	16	50	71	58	13	95	129	167	135	95	29	33	107	38	8	85	33	0	11	60	60	11	111	101	198	155	122	66	35	72	53	86	10	44	65	81	78	101	193	84	48	38	40	75	24	12	258	31	25	58	71	52	159	84	114	152	71	35	106	16	30	34	97	76	76	150	79	234	187	20	25	35	9	41	15	6	161	76	131	260	135	61	55	138	24	89	115	7	64	49	122	240	94	82	160	80	97	76	3	44	4	2	47	78	113	148	88	133	53	255	79	25	46	56	28	54	19	152	132	151	136	41	122	72	75	69	24	13	39	143	43	117	100	141	80	14	69	43	68	24	91	14	123	148	115	93	147	53	50	78	10	39	30	32	71	131	86	73	55	58	35	81	10	11	76	9	9	57	54	56	88	133	49	99	60	38	68	30	7	4	25	19	75	7	75	41	119	92	76	195	221	153	16	72	72	76	18	3	32	44	13	40	133	72	99	134	192	82	73	74	57	41	36	4	30	26	204	180	123	145	22	46	38	49	2	18	78	194	27	103	157	41	14	0	138	73	26	61	8	31	28
Lamp5	2	31	0	2	3	4	3	26	114	321	97	89	277	490	3	72	109	42	14	101	283	306	303	153	55	1	3	0	5	43	6	14	4	2	39	187	169	131	62	353	458	8	16	65	98	31	149	55	526	752	609	384	105	6	4	4	3	37	7	1	3	5	41	78	235	107	4	292	192	432	86	122	36	55	5	450	170	612	355	147	99	9	1	7	40	45	0	3	11	62	187	98	64	171	386	115	13	178	82	81	60	257	221	318	486	474	499	2	36	2	4	4	46	4	2	8	184	56	62	20	163	84	333	162	81	97	10	62	342	529	404	363	319	593	10	136	2	13	1	4	1	8	22	92	96	165	139	26	278	169	96	75	71	69	76	555	229	94	487	856	458	68	47	0	0	190	113	9	7	4	16	196	221	82	177	7	303	192	10	26	37	101	159	611	677	88	223	425	971	180	1	0	22	37	2	6	25	73	16	138	86	11	229	270	205	32	132	47	112	321	570	595	596	864	442	441	6	9	2	96	35	1	3	13	1	60	111	248	69	32	216	189	212	213	53	212	66	223	256	210	725	417	542	287	98	0	5	99	73	8	0	1	4	24	52	59	143	315	15	549	302	72	80	105	76	37	350	639	168	587	464	484	351	1	0	25	116	19	0	19	2	71	155	337	16	138	428	107	230	717	196	55	53	137	363	819	722	287	202	529	30	8	2	3	1	113	65	4	0	10	10	16	28	184	183	336	260	37	346	492	719	39	92	220	209	153	339	995	564	1140	341	270	13	5	2	6	26	11	5	8	10	18	9	198	210	188	11	144	416	710	53	60	81	106	217	464	479	471	303	592	164	181	2	7	4	5	7	4	0	2	3	3	11	93	78	147	54	145	46	322	181	132	1	11	90	65	141	222	632	436	251	235	24	52	18	4	19	16	14	7	6	4	11	60	109	55	51	77	412	582	408	198	22	202	45	155	787	588	532	515	332	297	254	84	1	3	12	14	5	76	19	155	131	96	181	113	30	557	253	95	39	72	150	302	755	307	199	191	113	264	138	13	83	22	0	12	15	14	45	93	209	57	66	298	11	164	22	124	233	79	230	97	291	673	715	312	339	533	425	1193	140	2	9	133	17	9	3	19	14	79	221	177	80	14	12	73	325	87	79	74	39	153	335	643	777	435	272	525	590	348	1	11	2	0	8	10	13	26	7	124	92	173	128	64	34	11	226	194	8	110	44	200	145	403	725	521	436	173	433	609	134	69	6	5	8	23	43	27	186	131	207	137	42	33	485	169	64	93	120	88	198	153	596	744	1101	142	310	419	66	167	50	1	20	135	141	243	165	34	53	33	2	191	209	12	230	66	291	263	171	232	613	417	817	651	55	357	3	0	0	68	74	194	229	229	23	69	46	7	12	993	12	146	60	274	281	390	609	304	1245	434	905	831	146	4	10	150	54	69	93	95	34	3	135	8	8	82	63	70	155	197	129	293	851	498	392	530	197	526	76	65	14	72	120	2	7	23	5	72	2	159	153	1	64	153	57	91	170	408	349	380	675	309	410	240	1	3	106	3	291	34	230	73	167	96	115	452	723	557	258	483	663	381	0	69	50	70	53	26	84	55	101	381	442	408	768	483	488	454	197	28	17	9	431	884	905	1055	68	413	272	169	14	1	94	517	155	517	991	158	19	15	172	233	149	84	18	3	6
Rorb	3	13	0	9	4	0	2	4	2	5	5	4	6	12	0	13	73	130	65	30	19	16	1	0	0	2	4	7	15	2	3	6	5	3	0	10	5	11	14	19	22	2	0	37	235	210	165	24	18	18	7	3	3	6	0	3	1	6	0	1	2	5	6	4	0	4	9	5	7	3	3	176	180	111	29	77	11	5	5	1	3	9	0	5	4	2	3	5	1	0	5	9	10	7	8	1	3	5	202	193	157	147	23	3	24	3	4	0	14	6	5	0	7	3	0	5	1	2	4	15	12	9	6	0	34	157	79	71	117	23	6	2	4	1	3	8	4	2	0	2	1	14	4	2	0	2	1	5	6	5	7	15	201	263	194	89	67	3	10	6	0	1	9	0	0	1	0	6	10	2	2	2	4	9	26	10	6	2	13	34	119	377	69	131	43	30	3	5	10	2	2	1	2	1	0	4	11	2	0	0	4	4	4	6	13	27	53	174	165	101	57	37	19	9	5	6	5	2	0	2	0	0	0	7	0	3	4	1	3	16	28	31	4	5	10	289	233	145	48	12	16	9	6	0	1	2	0	2	1	3	0	0	5	2	6	0	5	4	18	25	7	1	22	99	180	82	180	83	14	13	7	5	4	0	3	7	1	1	2	11	5	7	6	5	0	16	15	15	1	4	43	78	105	88	176	91	26	6	3	0	2	2	3	3	1	6	4	4	0	0	4	6	11	4	4	5	34	1	8	6	14	4	112	252	161	30	82	121	18	6	6	2	7	5	3	3	7	4	4	24	9	3	1	7	9	3	7	6	14	18	6	25	106	255	162	127	49	10	9	9	3	27	1	4	8	0	7	0	0	1	5	5	11	1	6	3	2	8	4	19	9	3	1	38	136	88	63	12	112	9	1	2	0	0	4	2	5	6	2	6	6	1	2	3	1	2	7	43	22	13	4	44	3	129	78	56	144	73	22	27	4	4	1	1	8	0	7	1	1	6	1	2	2	1	14	46	24	23	33	24	39	150	320	240	193	73	14	1	2	5	0	4	21	4	0	5	2	0	8	4	1	2	7	10	30	33	43	12	93	105	321	221	150	290	136	26	10	4	2	16	0	4	23	0	17	7	0	7	8	4	8	5	9	11	3	23	1	40	88	193	107	243	299	262	67	93	2	7	5	2	1	3	1	0	6	4	4	8	1	6	7	4	6	5	18	45	7	22	2	161	184	336	184	249	241	21	16	8	4	11	5	1	7	2	3	6	4	4	1	2	11	16	48	39	64	6	57	95	294	188	246	299	331	394	101	10	1	4	0	1	8	3	12	2	3	5	13	1	13	29	2	91	41	0	68	184	431	500	214	119	219	128	42	33	1	5	0	12	0	1	0	25	0	2	0	22	30	34	10	16	12	144	100	371	409	358	539	122	288	33	27	15	3	0	18	4	2	2	0	10	13	5	13	9	14	38	47	58	371	393	271	222	458	99	64	22	3	5	4	3	9	2	1	1	0	2	15	44	1	2	78	11	64	213	97	112	225	276	149	71	25	9	13	12	1	3	1	1	30	23	197	94	333	227	171	557	477	184	6	17	7	5	6	0	15	55	67	68	256	185	163	486	393	267	181	38	24	6	1	0	7	0	421	446	345	82	6	19	12	2	2	3	42	196	101	72	30	4	33	4	172	43	22	5	2	3	7
Syt6	0	10	0	4	0	3	27	108	307	212	63	2	3	6	3	2	3	16	2	0	0	28	4	1	1	0	12	7	3	17	3	12	1	1	90	201	357	108	88	5	4	1	0	2	6	16	7	2	9	10	6	5	16	6	0	4	2	3	3	0	2	6	167	149	246	120	3	6	12	3	0	2	3	11	0	5	0	5	5	1	0	4	5	5	3	9	0	13	16	158	181	156	60	6	6	1	8	23	32	5	2	8	2	32	9	2	126	6	9	3	2	13	5	1	6	49	182	68	60	13	1	2	4	9	16	0	3	2	2	3	1	4	2	18	0	2	5	3	0	2	0	2	5	125	111	128	81	2	15	1	9	9	4	4	7	3	30	6	12	12	2	9	4	0	0	2	5	4	11	8	115	222	253	159	137	6	24	2	6	10	5	0	5	6	20	2	14	4	5	4	3	0	2	3	0	5	55	117	66	101	70	5	0	2	8	5	0	3	3	5	6	8	5	35	2	7	11	7	1	7	1	7	2	10	2	127	204	146	76	34	9	5	8	4	12	14	9	12	5	4	16	9	9	12	33	1	0	1	7	0	0	0	20	20	101	77	94	137	43	7	6	2	9	0	3	1	2	3	1	2	4	2	0	3	3	4	2	1	1	7	2	117	265	248	71	47	16	13	3	6	8	3	4	8	5	10	8	1	0	5	3	6	1	3	1	20	8	2	2	0	11	12	13	157	182	126	168	7	10	0	4	2	19	8	7	2	10	8	0	6	12	0	0	3	1	1	5	14	4	11	4	7	33	179	144	99	2	15	0	2	10	8	5	7	15	15	5	4	1	2	6	8	6	2	7	2	0	7	0	15	2	4	21	113	63	45	33	83	53	5	1	2	8	1	9	8	9	2	3	12	3	2	1	3	12	4	2	0	1	2	3	3	25	99	97	108	67	2	4	1	4	1	4	15	13	6	4	4	2	3	7	8	3	0	1	2	6	24	1	10	28	117	98	74	172	58	2	7	0	12	2	6	28	11	10	6	0	0	6	2	5	14	16	8	1	10	14	2	13	44	121	77	116	163	29	18	11	0	9	1	2	2	3	5	2	0	1	6	2	20	2	0	2	0	12	3	6	39	45	128	139	149	86	78	23	0	4	3	4	4	0	2	14	13	10	9	1	3	4	2	1	14	1	0	0	14	5	10	50	98	73	131	103	12	13	5	8	9	0	4	6	6	3	21	17	4	26	2	5	16	16	0	4	0	2	25	46	49	76	74	95	155	13	1	9	3	9	5	18	1	1	3	16	30	9	6	7	2	1	2	0	1	48	60	87	191	176	89	92	93	3	13	6	11	6	3	8	14	2	0	3	3	15	14	0	4	1	4	1	30	78	110	115	159	13	58	35	9	28	9	6	7	3	4	0	2	6	1	7	5	10	58	4	0	2	111	29	63	35	124	66	0	3	3	18	2	9	2	7	4	3	0	5	9	0	3	4	4	2	7	5	39	23	28	4	32	25	12	1	2	2	2	0	32	24	10	15	4	0	8	11	18	20	5	2	2	0	0	2	0	3	3	11	2	6	2	6	2	2	2	2	5	1	0	0	0	2	0	7	17	15	12	8	9	3	11	12	9	18	2	2	1	28	13	34	14	0	14	22	23	0	12	8	7	1	2	14	2	50	17	0	1	0	1	2	0	7
Kcnip2	7	84	13	14	3	1	9	19	122	237	94	169	28	9	31	18	133	120	52	19	18	45	56	29	1	0	14	5	6	208	133	20	2	6	28	62	197	231	149	140	20	63	5	41	200	193	223	18	92	149	183	60	22	7	2	4	11	212	4	1	5	13	89	72	186	108	130	106	25	31	92	201	192	157	43	254	63	109	113	42	15	8	2	10	83	220	3	9	6	91	136	191	128	28	29	37	60	16	425	256	266	230	96	105	291	133	185	3	20	6	12	11	187	67	3	24	130	89	207	162	66	44	9	4	68	301	70	112	185	157	125	92	148	174	5	8	5	21	34	4	1	4	4	71	235	88	191	51	131	0	8	246	181	399	187	335	150	27	126	268	127	37	13	1	1	5	222	21	6	6	20	61	183	127	207	33	58	5	283	198	67	281	171	309	275	55	56	82	330	44	1	0	51	227	39	14	36	42	80	245	245	67	8	2	58	55	80	151	167	284	190	170	125	183	121	91	4	3	56	304	84	1	1	21	0	69	74	186	55	83	89	45	10	35	47	268	237	362	291	53	163	218	157	75	19	8	1	206	209	96	41	0	23	6	89	38	201	92	146	140	16	10	40	171	165	80	224	200	66	167	155	122	90	2	1	134	390	116	4	21	3	76	178	140	27	315	25	61	27	135	176	223	141	150	251	405	220	58	72	117	2	1	4	5	7	441	233	89	40	4	5	4	10	83	152	144	556	43	73	6	12	28	223	273	181	78	122	331	140	250	149	115	11	20	4	190	434	250	9	14	12	6	11	99	143	177	157	59	7	34	31	67	106	173	216	296	119	96	77	123	44	60	14	5	4	123	158	218	1	0	4	7	22	80	72	46	134	128	96	36	36	10	5	30	263	88	87	56	164	119	58	73	14	2	18	0	448	215	0	3	7	4	7	88	96	130	48	222	56	0	17	18	7	173	315	119	309	186	153	182	95	126	37	3	3	2	15	4	2	13	6	90	124	188	388	258	8	70	21	37	231	121	257	318	358	177	67	31	163	98	47	43	8	28	3	13	20	10	23	97	179	63	97	201	301	107	82	181	109	159	281	162	185	313	308	60	182	103	104	234	24	7	3	1	32	7	8	13	21	64	150	128	240	210	79	29	84	94	158	105	68	170	190	261	249	182	38	135	192	91	5	21	2	0	9	11	4	11	10	128	148	146	103	159	85	217	78	7	26	94	251	250	143	199	324	90	71	96	99	140	5	3	5	6	10	10	36	15	174	76	197	181	266	51	63	2	51	68	202	146	203	277	223	328	231	34	79	82	17	14	4	6	87	49	86	189	76	53	60	148	135	87	144	1	245	132	346	362	151	78	220	115	179	105	16	79	1	3	0	38	55	127	119	158	125	470	120	15	278	62	196	86	66	380	410	481	370	109	340	67	157	205	44	3	10	72	29	61	85	101	260	60	140	16	54	36	301	31	293	546	225	209	352	107	122	78	37	90	31	4	14	37	89	0	99	14	140	83	3	3	147	10	43	190	78	221	221	275	71	121	95	42	112	101	3	1	1	15	30	235	208	366	291	196	177	408	432	150	61	84	103	126	7	1	101	18	39	27	210	98	283	271	326	178	134	92	95	77	57	6	10	7	443	536	134	133	85	66	78	12	0	7	79	206	59	95	177	28	34	4	86	52	21	39	3	3	0
Aldoc	9	34	6	75	48	3	5	45	35	97	63	43	97	48	47	90	12	54	18	38	15	15	7	6	4	130	6	24	98	32	102	45	49	9	26	38	122	64	20	59	122	42	8	21	40	32	112	24	27	31	11	17	18	97	2	17	3	85	5	4	2	34	39	26	77	36	54	82	50	80	44	63	23	55	15	37	4	34	38	7	56	66	1	83	39	66	4	31	17	29	60	74	123	67	88	54	42	39	74	67	75	52	38	69	93	38	30	24	88	89	21	2	62	152	8	60	24	38	41	88	47	23	55	36	45	32	29	46	23	28	18	16	28	30	83	97	48	32	6	118	13	81	17	26	88	73	73	24	80	14	15	73	54	106	62	90	83	10	31	55	89	24	186	1	12	0	23	11	91	12	15	14	73	52	86	71	113	41	98	94	28	91	48	87	96	2	26	32	51	18	7	10	13	25	3	69	45	69	18	56	74	13	8	35	87	68	8	42	92	59	62	52	52	73	12	87	105	27	100	48	10	3	73	93	5	38	64	52	14	114	96	21	25	61	22	116	47	75	49	30	46	57	49	12	27	52	33	26	27	27	183	5	62	3	7	21	104	44	58	84	29	10	44	89	39	13	26	64	54	29	23	36	16	1	18	31	86	26	23	46	9	33	48	99	35	146	95	107	54	121	124	143	30	47	85	178	74	56	37	54	11	8	99	5	24	226	25	155	22	4	10	34	20	28	37	45	176	12	96	16	59	19	23	109	68	22	35	139	42	40	25	20	33	113	3	17	72	23	35	84	6	4	35	83	158	16	66	83	36	77	63	95	34	43	64	49	15	34	35	43	10	84	28	74	0	2	37	55	4	5	4	15	9	26	71	33	81	51	50	51	77	49	51	0	72	25	65	15	116	38	21	14	2	44	71	0	77	39	0	39	18	0	33	49	8	82	27	81	66	36	59	21	10	29	74	40	48	57	35	57	18	72	9	7	25	4	68	33	8	5	48	36	34	23	143	61	32	65	36	35	83	23	63	60	125	42	11	14	123	52	5	31	182	28	1	64	22	8	41	9	27	35	66	39	69	74	56	108	59	5	33	31	44	79	83	8	95	14	29	29	12	25	113	6	73	59	9	13	11	30	51	41	94	103	43	41	36	54	43	19	8	146	49	85	42	87	31	87	78	39	1	34	38	0	69	28	6	10	12	54	49	37	37	40	22	111	63	61	1	17	46	69	29	135	63	24	71	30	37	111	29	20	173	6	10	5	3	18	33	15	36	45	44	16	92	22	22	13	43	41	35	57	74	110	81	40	18	52	4	9	84	1	28	9	34	99	63	22	30	96	28	113	181	5	136	8	45	136	33	13	136	19	60	112	3	37	2	29	48	7	22	105	28	37	15	106	24	38	38	62	54	58	0	57	36	51	36	86	76	47	35	37	20	7	45	39	0	46	10	17	87	7	99	24	65	26	71	11	24	82	38	42	50	50	28	48	28	14	2	39	142	16	14	4	40	5	51	35	0	21	38	9	4	28	44	31	46	34	8	63	11	28	40	25	5	30	0	9	27	67	21	52	37	41	35	178	121	76	22	11	71	44	27	3	60	5	4	19	42	16	49	67	82	54	60	42	46	36	69	0	53	23	132	101	115	77	44	47	16	2	0	26	31	151	32	41	58	27	27	0	73	23	6	25	5	30	28
Gfap	6	29	1	11	30	16	17	6	7	26	4	4	5	3	1	5	0	2	4	1	2	8	4	1	4	39	9	16	31	3	5	10	19	24	14	8	16	12	4	22	0	6	1	5	8	2	12	1	4	15	21	3	6	50	12	27	5	10	1	2	5	31	24	6	8	6	2	7	3	2	5	7	2	5	0	6	1	10	15	16	79	206	4	14	5	6	7	19	18	10	4	8	7	7	0	1	7	4	8	4	6	14	4	4	4	5	19	25	92	47	37	9	7	1	28	20	3	2	7	3	4	3	1	1	2	3	0	9	3	4	3	2	6	4	142	33	23	56	3	10	6	84	39	29	13	11	6	3	14	1	0	7	12	11	13	17	1	0	4	3	4	5	146	1	6	15	16	2	45	30	18	11	29	14	13	1	13	1	43	36	10	11	6	10	4	0	4	2	20	2	3	13	5	12	2	70	52	22	8	9	21	8	4	3	4	7	13	11	8	6	5	5	3	10	5	7	99	17	7	14	9	2	4	106	4	26	18	18	2	9	9	2	2	8	5	15	7	12	4	2	7	8	14	6	4	86	2	7	6	1	3	2	98	18	14	3	13	15	16	37	6	1	6	2	4	6	5	6	4	2	4	6	5	1	31	8	22	9	13	50	27	29	9	24	6	9	18	45	5	8	9	4	6	0	9	17	3	19	3	7	4	44	134	7	2	28	16	19	2	4	21	58	91	21	10	6	29	1	16	0	4	2	17	10	0	3	4	4	3	8	12	15	31	161	6	1	11	7	14	51	16	4	10	8	11	5	5	1	4	8	4	14	5	13	6	2	6	10	3	2	5	27	2	94	3	3	6	7	0	9	2	27	17	10	22	5	5	6	9	4	4	3	4	2	8	6	6	3	4	3	2	6	0	3	118	1	4	6	4	51	48	15	13	15	8	3	3	8	2	2	2	4	1	12	3	4	51	26	8	3	0	4	4	3	59	0	75	6	21	14	14	14	15	6	11	1	1	11	5	6	8	2	3	8	4	5	18	18	17	4	2	4	351	4	0	45	39	26	63	12	11	16	9	11	12	22	3	2	12	14	29	5	5	4	7	2	0	13	41	39	2	12	254	14	62	71	23	27	4	20	18	4	7	8	2	3	2	3	4	10	2	3	7	5	6	5	2	4	16	6	3	18	162	0	41	95	38	22	12	15	10	7	5	4	2	1	2	4	0	7	9	6	2	4	8	1	3	2	10	18	7	10	334	16	44	73	8	15	7	5	3	6	3	4	7	0	2	1	13	3	5	3	0	8	13	2	1	6	2	8	160	0	73	18	13	21	9	1	11	6	4	12	9	1	13	2	13	22	4	1	3	3	12	10	1	12	0	61	83	12	5	28	14	6	7	8	3	1	4	3	0	7	1	8	14	12	8	5	4	1	6	8	13	1	121	12	2	8	4	10	10	4	9	3	8	1	10	2	18	24	10	8	15	9	5	8	5	8	0	3	249	6	6	0	3	5	5	7	2	0	3	0	1	2	7	5	3	7	4	10	13	9	8	2	2	48	1	2	5	6	4	3	16	7	7	11	23	8	12	16	9	10	90	2	9	2	5	3	5	5	7	10	27	6	17	4	6	5	4	0	97	31	20	30	32	12	4	12	4	10	0	188	0	8	3	4	8	8	105	8	1	4	4	5	0	115	69
Serpinf1	29	28	3	10	6	19	60	15	21	28	27	21	33	33	6	22	22	79	23	11	22	17	17	25	2	20	7	5	8	7	6	9	6	41	87	58	33	17	23	43	40	8	10	15	69	43	33	5	38	48	20	8	7	28	9	52	26	7	9	10	17	43	30	21	30	29	7	21	14	30	11	59	41	15	4	25	6	22	19	11	14	27	13	14	4	8	4	21	61	21	31	21	18	23	23	25	19	8	19	30	10	10	20	12	24	23	18	11	44	13	27	31	11	2	32	29	7	16	16	29	11	3	34	4	17	8	24	30	17	23	3	6	18	15	34	11	19	20	3	8	16	12	53	61	11	48	45	19	42	0	22	56	29	13	32	36	6	4	9	34	10	19	49	5	21	6	17	4	43	48	80	23	66	20	53	26	38	7	16	64	25	16	61	28	14	2	18	15	38	4	3	2	3	11	2	77	88	56	33	24	20	7	3	7	14	12	36	20	20	21	22	16	11	31	7	27	41	25	7	12	17	15	22	46	7	60	21	33	17	12	29	20	7	13	11	9	38	45	2	7	23	9	39	15	11	24	11	7	9	21	9	11	51	56	54	6	36	28	17	28	7	6	7	30	20	17	11	6	18	6	7	33	21	4	8	8	26	14	6	90	35	60	21	27	28	40	14	30	12	45	47	14	4	9	17	32	49	6	12	15	40	21	71	1	1	20	33	15	6	14	8	119	49	22	31	17	23	17	70	4	24	1	12	67	33	7	25	8	11	14	24	24	2	74	7	20	31	26	19	41	37	18	32	66	24	21	6	36	11	11	14	19	8	20	29	23	6	20	3	15	9	20	9	33	8	10	3	13	4	16	9	31	57	22	35	23	26	46	37	20	13	14	2	3	28	8	31	3	11	25	7	9	2	1	32	2	52	26	7	23	57	24	46	43	16	18	8	25	7	9	5	5	6	20	33	6	19	8	10	26	31	11	7	0	51	11	40	24	44	62	37	9	84	24	60	33	5	22	2	10	35	13	36	14	29	42	2	7	13	9	6	27	74	32	9	102	79	30	75	16	41	17	43	28	5	70	22	16	51	19	31	49	12	34	31	4	24	19	7	16	6	10	111	16	62	38	60	30	27	33	39	12	16	48	10	8	32	13	24	11	5	32	13	34	18	21	11	15	23	9	0	30	22	0	10	55	22	22	13	34	13	26	10	7	17	25	7	11	2	15	22	21	9	47	44	8	20	32	16	24	15	8	90	17	30	29	13	29	41	6	56	30	28	30	25	4	20	17	55	21	19	15	27	24	24	62	5	21	0	1	60	16	76	13	17	12	16	21	16	36	19	31	36	8	23	24	20	43	35	2	12	22	25	25	3	25	4	12	34	15	17	29	34	19	18	44	18	10	14	17	14	8	4	26	38	36	23	16	58	12	64	44	22	7	84	66	19	25	18	19	21	15	25	16	20	9	45	7	32	37	36	14	16	34	22	4	43	12	26	11	83	13	29	11	25	10	9	10	11	6	17	5	5	17	53	13	16	10	3	20	15	22	14	11	2	11	1	14	5	11	14	28	48	25	31	43	18	29	3	11	30	10	22	3	20	8	8	22	62	20	12	25	26	55	40	28	34	14	8	0	38	7	37	41	29	88	5	17	76	18	14	33	12	31	27	18	24	8	37	12	2	2	4	13	5	47	45
Mfge8	11	56	6	137	46	0	5	12	15	15	15	13	11	62	2	89	5	14	20	5	6	16	10	11	1	96	21	43	184	6	22	66	91	9	8	20	48	37	39	10	86	17	2	40	12	12	27	3	9	31	8	21	8	96	3	37	3	82	1	4	5	41	40	20	60	68	35	19	7	26	46	48	11	64	3	26	6	25	35	9	98	13	13	89	37	18	8	42	9	16	19	69	77	7	26	33	12	22	41	40	7	16	11	14	10	19	14	0	51	105	47	8	15	4	19	23	7	11	34	10	12	10	7	19	14	14	15	51	2	8	6	7	11	16	43	97	63	55	3	4	16	127	21	11	9	24	15	19	38	4	5	66	34	64	22	27	17	0	39	44	5	14	80	5	47	7	12	11	44	14	13	17	26	28	55	37	47	6	14	72	27	17	126	25	39	2	33	19	48	14	5	39	23	8	1	51	35	32	7	13	63	8	2	2	51	18	5	28	71	18	38	52	102	34	14	26	27	25	0	22	8	2	5	75	3	17	32	25	6	21	74	33	9	23	2	107	19	22	13	9	22	28	21	5	5	23	1	18	11	10	8	4	56	9	17	7	13	25	18	36	5	1	48	80	13	6	40	45	21	11	25	45	49	0	9	30	26	22	6	59	13	12	58	65	16	27	70	62	6	43	43	21	4	28	8	27	8	27	60	26	30	39	19	5	3	30	20	20	0	0	3	33	76	24	28	9	54	19	16	0	10	6	23	138	17	8	8	23	59	34	15	6	30	149	1	10	69	11	12	59	4	10	10	50	52	10	5	26	21	31	23	11	42	11	25	22	6	22	26	24	10	28	4	17	3	3	10	13	1	9	11	12	7	17	79	27	22	45	14	12	13	18	1	0	22	11	46	2	23	8	7	15	3	1	13	2	24	12	2	73	27	1	17	29	7	13	8	33	7	11	58	8	2	29	9	33	14	25	8	24	14	18	5	17	28	4	87	11	3	11	46	8	18	29	25	21	2	80	23	7	83	3	17	22	35	14	8	7	26	23	15	75	160	48	1	54	21	26	107	16	12	33	82	75	14	71	2	48	36	5	32	21	45	10	46	14	28	10	22	27	2	38	58	1	45	96	13	19	10	20	74	19	54	43	10	10	12	29	10	22	9	114	10	55	37	24	4	28	25	31	0	21	10	0	91	41	8	12	11	37	26	15	13	7	11	4	5	20	1	18	10	46	21	40	19	15	19	46	28	98	36	48	64	5	13	16	3	31	20	11	6	17	18	4	11	1	45	21	16	12	50	13	44	24	91	39	9	11	0	3	71	0	31	10	54	37	60	11	25	20	5	45	41	6	31	3	23	71	10	6	24	5	35	25	5	10	3	9	8	13	6	141	14	6	14	59	36	11	34	20	12	45	9	89	25	8	8	45	41	25	19	23	10	0	45	21	2	12	1	9	35	2	33	6	28	25	10	38	32	68	17	68	23	14	19	21	11	13	30	28	29	7	17	0	4	2	10	20	2	3	11	7	6	19	57	27	29	11	10	35	6	20	46	54	0	2	0	2	7	7	17	42	26	33	16	99	68	24	31	7	18	31	10	1	18	5	3	23	24	9	22	31	18	9	22	18	37	10	13	4	15	2	78	60	73	112	6	55	28	1	0	9	4	91	6	10	56	16	112	4	9	11	27	2	1	16	21
Sox10	69	10	0	35	7	155	124	8	38	12	11	27	24	25	0	20	73	29	8	1	10	11	8	2	0	21	36	2	50	4	6	1	37	192	191	88	12	12	3	17	14	13	2	6	34	13	13	2	11	28	20	6	4	18	7	13	4	5	2	49	58	55	90	43	24	33	9	71	9	30	4	31	12	7	1	14	1	20	11	4	6	7	1	7	8	16	53	30	141	10	2	6	11	11	11	32	83	15	13	9	8	15	8	10	8	11	41	4	5	5	49	10	13	6	115	38	11	5	2	14	8	7	4	1	10	4	7	12	7	10	3	16	3	8	1	10	2	2	1	4	67	7	160	117	14	24	95	1	14	0	73	13	19	24	21	11	40	14	5	52	12	6	23	3	8	3	9	2	205	168	125	48	34	73	13	11	26	5	6	16	3	13	9	45	9	1	7	9	34	0	3	2	2	4	1	137	264	125	1	41	9	11	4	19	23	3	4	11	15	19	16	9	5	19	4	6	4	3	0	9	16	0	37	120	24	157	20	34	44	14	37	20	4	5	8	17	14	18	7	20	10	9	14	2	4	8	35	3	11	3	17	57	103	111	118	2	30	15	79	18	10	1	11	25	40	8	26	8	17	10	6	8	4	3	1	9	12	27	47	168	124	135	18	20	14	89	15	28	25	9	38	8	5	15	10	7	17	1	3	8	57	29	3	3	3	12	5	8	0	76	40	307	134	103	37	77	16	57	54	2	28	2	8	20	13	2	31	23	11	20	22	6	8	54	8	3	18	18	6	182	171	43	51	59	22	13	2	90	39	6	13	10	17	14	51	51	4	6	9	6	5	30	47	9	18	4	6	0	35	84	55	164	133	69	25	105	48	11	97	87	6	13	1	3	7	3	76	2	9	13	3	9	1	2	24	3	40	6	2	117	130	30	79	26	17	8	4	18	21	46	13	4	12	60	8	9	15	5	7	13	19	14	8	2	30	2	95	84	103	104	90	9	81	13	31	14	4	17	2	9	149	6	24	18	4	2	2	2	23	9	5	3	32	28	3	255	138	172	242	9	33	14	22	18	8	197	100	1	129	21	16	11	4	19	27	4	17	24	6	42	4	17	52	70	132	118	110	93	55	85	133	16	17	16	13	2	7	7	14	12	8	18	19	18	13	7	16	32	23	16	2	15	6	0	87	166	129	75	8	56	11	37	5	9	56	8	24	25	0	12	12	46	3	68	28	14	19	33	13	65	6	0	9	139	201	41	6	92	45	12	56	74	36	34	12	4	55	20	23	20	6	29	25	29	63	28	11	16	1	7	8	27	70	21	69	92	27	29	22	36	53	110	67	68	11	10	63	16	94	0	103	14	17	30	2	32	9	8	19	13	42	57	14	31	5	86	8	8	2	16	14	12	3	24	27	39	29	20	116	29	53	45	18	10	37	24	14	26	4	19	31	3	78	12	44	4	159	9	36	36	69	2	26	23	38	16	11	19	2	3	72	16	6	36	35	25	14	7	68	9	19	45	0	23	11	10	8	16	5	36	12	12	38	8	1	3	2	91	12	8	11	15	42	52	45	70	68	36	27	14	23	33	16	5	19	11	11	56	64	55	29	17	22	66	28	36	29	13	18	6	12	10	34	154	43	241	2	45	82	35	0	89	10	51	21	20	29	18	17	5	4	19	7	14	2	22	12
Plp1	25	8	0	3	1	83	79	26	3	9	14	0	3	3	0	0	22	17	0	0	0	3	1	0	2	0	6	2	2	8	10	5	37	73	112	53	21	16	8	4	0	2	0	1	4	12	1	0	3	0	1	0	7	2	0	6	3	14	4	7	40	26	106	14	18	32	2	42	1	1	10	1	2	3	0	6	2	1	2	2	1	2	0	2	12	7	17	5	65	21	26	10	9	14	11	1	3	2	2	12	8	11	6	5	8	4	2	3	10	0	22	9	11	6	43	36	14	13	11	7	17	6	5	1	4	4	7	7	2	6	5	4	0	9	4	2	0	4	3	2	16	13	59	76	37	24	67	3	12	2	3	0	19	9	8	7	7	4	2	22	0	13	6	1	0	3	5	4	84	120	58	48	58	62	23	6	17	4	10	8	5	13	2	37	6	2	0	8	7	2	1	5	4	6	2	70	114	70	8	16	17	10	5	5	5	5	0	7	5	5	0	7	10	7	0	6	2	0	1	13	3	0	29	59	16	80	25	27	15	9	8	15	6	3	5	31	6	9	3	1	5	11	10	1	2	1	15	3	14	0	0	30	52	47	47	3	25	23	29	24	9	0	5	5	6	4	7	4	14	7	4	6	3	0	0	6	12	37	31	86	27	67	20	12	8	72	15	21	15	10	11	3	5	13	39	8	3	4	1	3	2	13	1	6	0	41	5	10	0	64	52	133	81	43	22	45	21	76	57	2	20	4	16	18	21	5	21	8	2	6	9	2	4	0	1	1	28	6	17	91	53	25	26	65	14	4	4	24	27	2	6	9	5	5	7	7	4	10	2	1	3	33	2	2	8	2	1	11	14	35	29	61	65	53	12	33	12	14	27	29	15	4	0	0	11	5	54	1	7	8	2	3	0	1	11	4	8	3	3	40	30	23	55	10	12	14	5	16	20	30	7	7	0	23	4	7	14	4	3	5	2	0	1	0	20	4	122	61	62	61	37	17	19	21	17	40	2	15	5	4	67	9	9	9	7	14	0	0	14	5	2	7	32	0	11	125	77	80	149	15	48	8	29	13	10	86	67	3	87	13	32	19	2	4	5	8	4	6	2	6	2	6	14	35	76	65	52	59	31	73	44	9	10	9	1	5	7	2	7	7	1	8	8	5	7	6	2	5	5	8	0	15	2	1	47	119	65	85	7	36	10	74	16	12	10	10	17	6	1	7	11	20	2	76	11	3	9	5	9	6	11	1	5	118	84	25	12	27	31	13	8	41	11	18	17	2	4	12	12	17	3	13	13	8	16	4	0	1	1	4	3	29	73	28	46	12	22	7	10	11	20	42	40	20	12	2	41	21	19	2	36	1	8	5	3	10	0	2	2	8	19	90	28	27	1	75	2	5	12	8	6	7	3	19	44	23	16	3	66	8	18	18	3	1	11	34	5	9	2	11	25	1	26	15	11	5	70	4	14	11	33	6	6	9	0	5	2	5	5	0	8	16	13	24	14	6	11	3	15	2	24	13	2	9	5	10	8	5	2	8	7	0	4	3	1	0	0	90	9	7	4	11	13	73	45	3	46	6	1	4	6	5	1	0	12	2	3	1	12	26	16	15	6	17	11	5	6	8	6	6	6	2	7	59	21	74	0	29	16	24	0	1	2	3	9	6	13	3	12	10	0	2	15	4	2	15	0
Pdgfra	68	34	0	88	2	6	16	5	6	12	4	6	3	29	1	11	1	53	1	1	1	13	6	1	0	12	85	9	69	1	4	0	0	2	10	18	12	9	6	34	16	5	1	7	15	19	14	0	5	4	31	10	20	10	0	15	3	4	4	1	1	11	12	5	17	4	22	8	5	5	2	35	13	8	1	18	1	16	11	3	4	4	2	5	6	11	4	9	11	10	6	4	14	1	11	62	108	6	8	7	5	19	2	4	9	8	64	3	9	1	3	7	8	12	21	10	5	3	3	3	4	4	4	3	6	4	4	11	4	6	3	7	4	9	8	2	0	4	0	10	0	4	6	7	5	4	9	6	12	0	78	48	11	38	9	10	55	4	12	43	18	5	12	3	25	0	12	3	12	8	46	48	39	4	11	24	17	2	4	66	19	9	100	8	19	1	6	6	13	12	1	1	1	3	1	4	12	4	2	46	4	9	2	56	5	6	6	11	9	14	4	7	11	39	4	12	18	5	6	6	10	1	9	19	0	7	46	3	8	2	27	11	4	3	4	5	9	8	5	49	19	8	16	4	9	34	1	1	2	0	36	0	3	3	12	0	46	15	37	4	1	2	20	35	57	2	33	5	4	2	11	6	11	0	7	20	12	1	1	11	36	15	8	10	9	8	28	19	1	16	35	3	4	5	4	11	11	1	2	8	49	42	52	13	2	26	4	9	2	6	2	10	19	11	14	6	5	3	12	4	42	4	8	8	7	3	2	10	0	10	10	3	2	59	10	4	7	22	5	5	34	5	8	10	14	21	4	8	18	3	25	10	4	10	62	49	8	11	5	9	7	17	18	8	10	1	0	7	1	5	4	14	6	8	26	11	8	6	59	4	3	7	3	0	8	7	6	1	12	13	4	7	1	1	9	4	5	8	2	2	28	2	3	4	9	8	5	11	5	4	3	1	13	7	7	8	7	5	8	10	22	10	14	0	11	0	3	1	4	11	8	4	105	51	43	2	2	17	4	7	6	17	39	13	15	5	0	1	10	14	1	3	17	40	0	11	19	2	32	5	1	2	5	12	12	13	6	1	11	4	7	5	1	19	5	4	4	11	10	4	0	27	23	7	43	5	12	12	33	15	61	6	5	8	1	3	2	1	3	5	0	7	14	10	24	9	1	6	26	11	4	4	8	0	4	24	7	43	11	14	6	13	8	8	5	7	9	24	4	4	3	39	2	11	28	5	9	46	14	73	13	3	32	2	11	34	4	10	54	6	43	4	3	2	8	3	63	5	31	3	4	5	24	20	55	4	4	8	1	2	12	2	13	8	5	127	6	10	6	22	2	8	33	0	7	6	9	31	5	1	6	9	18	52	0	10	8	5	18	6	13	2	15	3	1	10	4	3	2	4	4	3	3	8	2	4	6	3	7	6	56	9	14	12	20	3	6	24	1	4	13	4	23	3	30	0	5	4	8	11	8	7	5	9	3	4	6	18	4	7	17	7	5	4	3	7	11	5	2	5	5	4	0	11	12	2	5	7	4	7	12	7	21	7	1	3	0	5	5	7	5	5	12	5	8	42	7	12	35	8	4	43	7	0	3	6	3	50	29	2	7	5	17	6	9	32	4	10	23	4	23	6	12	62	10	6	0	45	10	12	2	9	2	17	8	5	10	10	49	19	4	1	6	10	0	2	21
Bmp4	1	17	1	2	0	3	4	2	0	1	2	0	0	16	1	0	0	13	0	0	0	13	4	0	0	0	0	1	6	2	0	0	1	13	0	4	0	1	0	10	2	0	0	0	0	19	11	2	3	2	2	0	3	14	1	4	0	3	0	0	16	5	12	1	2	3	1	1	3	0	2	0	1	0	0	3	0	2	3	1	1	4	0	0	2	1	0	3	1	2	1	1	2	1	3	7	1	2	2	1	0	5	3	0	7	2	1	0	18	2	45	5	12	2	4	4	3	1	1	2	1	0	2	2	3	1	2	4	1	3	0	0	2	3	8	13	0	0	0	2	0	0	2	2	1	5	1	0	4	0	2	6	6	9	0	13	4	2	0	3	0	1	5	0	0	0	6	1	0	2	6	0	0	56	1	2	2	0	0	6	11	0	8	15	2	1	0	3	1	0	0	0	2	1	0	4	5	13	0	9	0	10	0	1	4	1	0	2	1	0	1	3	2	2	0	3	28	1	0	5	1	0	0	8	0	16	1	5	0	0	1	19	2	2	4	3	3	3	0	1	3	4	3	0	2	3	0	0	1	0	0	0	2	1	3	0	4	1	1	9	3	2	9	2	1	1	2	3	0	2	2	8	0	0	2	2	0	0	0	5	1	7	5	9	1	30	2	12	0	4	2	1	1	2	3	5	0	1	0	2	3	4	42	2	1	0	1	4	0	6	0	168	12	15	4	1	2	45	5	0	7	4	3	0	3	0	2	0	2	8	8	4	10	15	6	0	6	2	3	4	12	0	2	1	1	0	0	1	4	1	3	3	2	1	1	1	2	7	2	2	6	33	16	13	6	0	0	0	0	1	3	2	5	2	4	2	1	2	7	1	0	0	0	0	2	5	60	2	2	2	2	0	0	0	7	1	0	1	0	3	3	1	0	0	12	2	0	9	0	16	1	2	3	2	2	2	0	2	1	2	2	0	2	0	6	0	61	4	1	48	0	3	4	10	3	0	0	2	1	0	4	0	7	3	3	4	0	0	3	1	0	7	53	4	0	0	10	62	22	2	0	0	0	1	5	6	3	1	15	1	0	2	0	2	10	0	2	6	2	6	0	0	30	2	1	27	5	11	2	4	4	2	2	1	1	3	0	1	3	3	0	2	0	3	10	4	1	6	2	1	0	2	7	0	0	40	3	3	0	4	1	22	6	0	2	2	1	3	0	1	3	5	0	4	2	1	6	1	6	2	6	1	25	35	50	3	0	2	3	2	7	1	2	23	6	0	1	3	8	0	0	1	14	5	29	4	1	0	0	0	18	0	20	0	2	2	15	2	6	7	1	2	5	0	3	0	0	5	0	1	0	0	8	1	0	7	0	2	10	0	4	32	1	0	2	8	0	2	0	0	0	6	2	0	16	4	7	1	82	2	6	0	1	0	10	2	0	1	5	11	0	0	1	1	10	0	1	2	4	2	1	3	0	7	5	1	1	0	5	0	31	1	2	10	1	1	0	4	0	1	2	3	0	2	0	0	1	0	0	1	2	2	3	15	0	17	0	0	2	0	0	6	8	26	2	7	3	2	1	2	3	6	5	1	1	0	0	2	1	0	5	3	6	10	7	2	2	1	0	0	22	9	5	4	1	4	7	1	4	0	0	6	2	1	1	3	2	2	13	8	0	0	0	1	0	20	6
Itpr2	3	19	2	14	5	3	3	5	0	6	4	0	6	9	3	9	1	12	1	2	3	11	7	3	7	8	1	5	21	3	5	8	6	2	7	13	10	8	14	7	6	0	1	5	5	26	22	2	26	11	8	9	2	27	1	4	5	10	0	1	6	5	36	4	11	8	5	4	4	9	4	7	4	5	0	6	1	5	5	2	3	8	2	7	8	7	1	5	3	3	5	7	16	2	3	7	11	17	7	4	0	9	2	3	4	4	6	1	21	5	19	3	21	2	43	3	5	6	4	2	1	2	6	0	7	4	4	9	2	6	1	0	3	3	15	27	3	9	0	4	1	4	7	8	3	4	5	0	6	0	4	10	6	9	4	10	12	7	6	12	0	5	18	0	0	0	11	2	32	12	56	16	12	8	14	10	6	1	16	10	7	10	12	8	6	1	2	4	11	0	2	3	8	3	1	39	106	9	0	7	6	8	1	4	6	1	2	7	5	4	3	8	10	9	5	5	10	4	1	12	4	4	5	12	12	18	5	3	8	4	6	19	4	3	4	13	3	7	1	6	9	8	3	2	7	7	1	5	7	1	4	7	17	3	11	1	7	4	5	11	2	1	1	11	3	0	7	5	3	4	6	5	6	2	1	11	14	3	0	7	5	7	10	8	2	13	11	8	1	11	13	2	6	7	4	5	9	3	4	3	9	12	13	4	1	14	2	7	0	6	11	18	11	9	12	43	6	10	11	0	11	3	5	22	12	3	24	4	10	12	3	0	27	13	14	1	3	4	4	86	8	1	6	6	6	0	1	11	2	1	8	5	7	1	12	7	0	7	2	6	4	32	2	7	6	0	3	2	2	2	4	6	3	6	4	2	5	8	62	6	1	7	2	0	5	6	18	1	10	7	4	3	0	2	7	0	3	7	1	7	6	2	70	5	6	6	2	8	2	7	4	0	2	12	6	5	4	3	6	3	6	6	4	1	17	0	15	13	51	14	3	6	16	2	12	3	0	9	2	1	15	3	17	1	5	1	1	1	3	3	0	11	28	16	16	137	11	34	32	2	4	4	6	12	7	14	10	6	83	19	1	5	3	2	5	0	7	3	3	11	4	2	24	3	65	14	2	16	5	12	10	5	6	8	0	4	4	4	7	20	1	9	3	11	6	6	1	10	3	5	0	6	3	0	32	48	4	5	3	13	6	13	12	5	4	6	7	8	1	12	8	12	3	42	11	4	12	10	7	14	8	1	21	11	11	7	2	8	8	4	7	4	7	5	5	2	8	7	9	0	5	4	24	11	13	5	4	0	0	6	10	0	14	2	5	16	7	4	10	9	2	11	10	2	10	1	8	12	4	2	8	4	15	10	0	2	2	4	4	2	5	8	4	2	3	15	4	2	14	5	4	11	5	0	21	7	7	4	24	6	13	14	3	4	16	4	1	5	0	15	9	1	10	7	8	0	50	2	4	5	9	3	5	7	3	5	5	4	8	1	14	7	3	1	0	2	0	4	2	2	4	1	0	10	6	5	7	1	1	4	6	2	11	6	0	3	1	7	2	1	1	5	8	13	11	12	9	8	6	3	7	9	5	1	7	1	4	4	7	4	9	21	14	6	6	4	6	3	1	0	6	1	8	9	6	19	0	11	24	0	0	4	1	8	3	4	8	6	16	9	4	0	9	6	0	19	7
Tmem2	1	8	0	1	0	7	4	6	19	17	8	2	9	3	0	8	5	17	1	0	0	25	3	3	0	0	7	0	1	12	6	7	2	0	7	25	37	22	19	25	26	12	5	4	24	10	4	0	7	14	18	10	1	4	3	1	0	11	2	0	3	1	34	13	12	9	5	8	12	9	14	17	16	6	4	22	3	11	11	0	2	3	2	4	7	18	1	7	1	16	16	17	19	13	11	3	13	13	23	21	14	16	5	9	18	10	21	0	6	1	6	7	7	5	77	5	10	8	8	14	18	16	9	8	11	15	11	6	9	14	7	2	12	10	2	2	1	5	1	6	0	6	6	20	15	20	20	8	14	3	4	15	16	18	10	10	14	5	9	24	7	3	4	0	4	2	12	6	46	8	83	26	29	20	40	8	25	4	12	18	12	15	24	16	18	3	4	11	37	8	1	4	7	14	5	54	87	12	4	20	18	11	7	6	14	12	9	16	12	13	17	20	12	18	7	7	9	9	2	9	7	1	2	15	4	24	11	20	17	10	4	17	11	15	7	19	22	16	11	6	19	6	10	4	2	1	2	7	8	3	3	5	9	5	3	3	21	9	13	25	17	5	8	21	18	16	7	17	2	15	11	10	3	1	3	9	9	5	1	14	2	8	20	14	13	33	19	27	10	20	16	12	12	9	14	24	22	4	2	13	3	1	11	4	4	20	13	8	0	4	21	8	13	15	22	78	22	8	14	14	15	9	20	34	14	9	27	11	16	28	13	5	15	6	15	2	18	9	5	105	5	3	3	13	18	5	10	18	7	15	25	12	9	13	10	5	8	7	5	8	7	27	4	8	1	3	7	4	0	1	4	4	2	8	7	7	10	12	12	20	9	5	1	4	18	7	4	6	15	8	7	14	1	1	2	0	20	15	1	0	5	2	41	11	17	12	8	21	10	7	10	9	3	13	11	8	17	17	9	12	7	6	2	2	4	0	6	39	42	3	4	7	13	21	23	8	3	10	13	11	23	4	15	22	25	13	5	5	14	10	6	6	5	16	20	102	14	0	13	10	6	9	6	14	10	11	10	11	30	14	17	16	13	18	17	2	13	11	7	16	0	2	8	0	39	2	1	11	18	13	11	7	26	18	3	5	12	8	9	11	8	7	15	15	16	5	4	8	13	6	1	0	2	1	10	34	5	9	9	13	11	10	11	9	3	8	10	15	1	10	14	19	6	42	14	6	11	6	7	5	2	0	9	3	1	3	6	9	12	13	14	16	18	5	16	2	2	11	20	9	9	13	18	20	20	7	5	11	2	2	6	2	20	8	5	13	32	10	7	17	2	24	12	2	14	11	15	17	7	6	8	5	18	15	2	3	1	0	2	3	11	13	16	18	6	37	6	4	10	17	12	16	7	17	37	18	24	10	22	7	18	10	4	2	8	8	3	6	3	16	6	3	7	0	5	8	37	3	28	21	11	11	17	16	6	14	7	13	3	3	10	3	2	3	5	5	3	7	2	5	13	4	1	10	9	7	6	13	5	9	16	10	15	10	1	1	3	3	6	3	7	7	19	13	8	15	18	10	8	10	16	8	1	2	3	4	6	3	9	8	8	16	12	13	6	12	8	14	6	0	9	3	12	18	11	17	4	11	32	18	0	1	5	12	4	6	22	7	20	17	5	3	2	2	2	0	4
Ctps	7	24	1	2	0	91	70	21	43	45	35	37	34	32	8	23	23	42	20	15	14	22	24	10	2	0	9	2	9	45	20	0	46	45	100	140	96	65	61	74	64	30	14	29	70	41	81	13	45	55	54	27	12	10	1	0	2	39	2	3	5	8	47	18	52	32	41	28	20	34	34	73	43	17	8	48	15	43	22	11	8	5	2	3	14	37	2	18	8	34	52	67	43	35	35	19	25	23	51	61	28	49	24	22	45	30	41	2	7	1	7	6	38	14	55	14	27	23	41	43	29	24	17	12	33	41	21	27	34	43	23	23	24	51	1	17	0	8	4	18	6	6	17	50	35	36	79	13	58	15	2	42	61	56	31	54	42	7	29	58	36	6	10	2	6	12	34	9	102	16	61	43	73	70	59	25	76	15	59	38	28	79	28	65	70	14	6	22	75	12	3	2	8	29	7	9	100	47	23	42	53	21	27	13	31	22	24	42	37	55	53	55	31	65	26	34	7	1	8	54	18	4	10	32	3	44	34	37	27	25	30	39	37	24	13	69	52	47	38	19	56	37	42	19	12	1	16	37	36	13	6	0	71	26	89	9	52	43	44	53	40	7	36	47	42	15	50	50	23	34	36	30	28	1	3	17	60	16	6	10	7	48	49	40	10	56	54	71	40	62	62	24	29	36	32	75	60	15	12	40	2	2	5	6	2	70	32	23	2	152	70	19	25	46	54	59	105	28	115	12	49	14	44	89	42	32	34	91	53	50	41	18	11	9	3	27	88	34	38	35	10	11	9	47	60	30	29	94	27	37	66	58	27	43	56	55	35	40	25	37	19	24	5	5	11	19	25	37	4	21	11	18	18	36	29	36	21	36	83	49	35	21	4	7	41	22	23	14	59	37	15	15	3	13	4	0	81	38	4	7	55	5	18	28	43	34	28	40	54	34	40	25	14	48	28	25	92	54	39	36	39	28	15	3	3	3	10	8	12	20	10	30	55	51	63	39	9	32	33	40	91	41	87	81	74	40	12	15	24	18	15	3	9	18	7	75	22	44	23	22	35	36	42	46	54	52	136	22	58	25	71	34	41	103	89	30	25	34	19	76	10	0	4	17	38	96	11	37	13	51	44	28	62	35	26	18	34	22	35	24	16	43	55	59	61	52	12	47	58	21	5	6	2	0	60	18	13	59	7	26	30	23	32	22	16	27	31	29	2	41	34	75	32	104	71	34	38	12	37	52	18	3	4	57	29	21	18	30	36	30	43	53	39	22	53	12	15	33	62	41	34	56	81	91	80	15	25	38	2	11	2	5	37	20	24	42	36	24	15	37	8	47	66	8	39	48	77	75	50	43	69	38	71	49	1	28	0	1	3	18	25	42	43	23	42	121	22	16	38	30	36	63	24	73	92	99	95	33	125	20	54	66	13	2	13	32	8	21	16	24	33	5	16	7	21	14	108	17	75	88	61	42	93	53	36	32	18	31	12	7	4	16	14	14	13	13	21	14	13	10	53	14	21	38	23	21	51	40	28	27	43	20	38	22	4	3	7	66	23	16	61	52	53	44	56	81	82	45	11	32	55	32	0	3	16	13	14	15	47	32	39	75	53	40	48	39	24	29	26	0	2	1	67	101	66	107	9	36	16	10	2	4	16	32	16	39	74	18	30	19	36	13	17	13	1	3	7
Anln	21	34	3	17	6	25	80	9	27	27	27	10	35	20	3	25	33	39	19	3	16	22	16	5	2	7	11	11	21	25	5	7	2	65	69	66	30	19	18	23	14	22	3	10	32	18	35	2	18	28	14	10	4	41	3	21	15	34	8	21	25	36	38	40	21	40	17	66	8	7	10	23	24	9	2	5	1	26	11	3	8	19	1	6	17	22	44	27	52	55	34	10	41	11	19	33	4	20	24	26	9	27	7	7	18	16	11	8	41	15	33	46	29	8	9	24	27	12	7	14	3	18	15	11	17	6	20	13	12	20	15	5	4	10	0	9	5	12	3	14	13	9	80	30	15	13	26	11	20	1	15	18	18	17	12	25	10	14	8	15	2	3	39	4	9	5	43	6	82	128	39	9	25	30	21	5	11	6	12	12	24	8	9	26	23	1	15	8	14	0	3	15	11	36	3	74	91	49	4	12	9	13	4	7	9	9	5	15	5	22	22	28	13	36	11	10	13	11	2	65	9	2	21	67	5	40	29	19	24	9	23	20	6	7	5	6	17	33	10	15	22	23	29	19	10	3	8	40	42	4	5	29	42	58	38	8	18	13	18	18	2	1	20	5	6	10	10	10	4	6	12	15	20	1	4	31	100	25	23	108	37	41	28	6	23	42	23	15	12	22	14	9	7	4	13	9	25	6	3	32	7	23	8	4	1	77	42	20	4	14	17	91	73	89	33	15	18	2	16	4	21	9	17	86	23	9	16	15	28	38	14	15	6	11	4	1	61	28	18	42	76	52	12	76	35	17	16	23	22	16	16	28	15	32	35	28	13	11	4	9	26	19	2	15	27	6	15	16	15	32	8	42	40	23	6	48	18	16	32	15	9	15	4	6	7	20	27	4	10	19	5	14	1	18	15	1	32	8	6	65	50	13	40	37	13	40	4	15	8	12	10	5	21	18	12	19	43	26	17	26	45	17	16	1	11	4	25	43	40	87	89	7	44	11	32	19	4	20	5	11	21	21	33	34	54	25	3	13	26	25	18	18	34	50	2	101	65	56	118	46	18	16	17	30	9	119	44	8	79	57	15	52	20	14	46	2	24	23	31	12	4	17	46	21	82	48	76	56	32	49	93	19	18	21	11	5	5	5	12	28	2	16	29	15	25	15	21	13	35	10	5	13	1	0	4	69	52	43	9	36	11	12	25	21	23	12	13	19	1	21	14	19	19	41	36	13	16	3	31	34	10	9	21	34	33	32	14	44	28	3	19	43	48	10	35	2	7	17	41	22	11	22	28	17	28	12	11	11	2	1	15	2	50	15	39	17	37	15	9	30	17	94	20	25	21	6	29	84	21	5	37	6	14	40	1	10	2	30	6	15	3	38	25	23	3	79	7	5	48	16	12	18	7	29	41	49	23	8	28	26	16	45	22	3	14	31	10	23	11	16	21	1	66	15	34	23	34	7	18	10	59	19	20	42	5	11	16	36	7	12	13	10	6	9	24	11	10	9	15	2	25	29	9	27	12	9	35	16	2	13	12	9	29	6	0	32	3	11	6	12	12	14	31	18	27	64	32	11	4	19	15	14	15	0	14	5	24	14	27	35	13	35	33	62	23	23	54	26	10	8	36	7	47	58	72	54	2	25	32	6	0	29	4	33	18	25	74	5	12	16	3	4	5	1	6	17	44
Mrc1	11	32	1	23	11	27	38	10	49	30	19	28	25	23	5	15	26	44	24	10	30	12	12	3	1	5	13	1	11	12	15	7	4	12	108	41	55	42	16	34	20	24	6	13	24	9	24	2	28	53	9	22	0	33	3	50	23	11	4	2	9	33	40	41	53	49	12	17	11	26	11	39	21	33	6	29	7	16	19	6	10	50	12	20	9	36	7	16	49	42	26	34	19	19	58	4	11	49	35	42	11	30	21	57	35	24	29	2	61	12	13	5	20	4	14	35	31	15	15	24	5	8	9	5	14	15	10	41	17	13	17	12	19	21	9	55	8	14	6	6	7	12	65	59	15	27	52	4	23	0	3	21	25	35	25	32	13	18	9	38	42	16	82	0	5	5	16	4	22	24	22	31	30	17	48	17	54	4	8	12	26	26	58	15	28	0	13	20	32	10	12	4	8	28	2	40	62	45	25	31	14	22	2	15	31	7	19	16	23	27	24	81	23	70	20	42	17	42	7	17	12	2	13	23	3	63	64	24	14	18	47	33	19	4	11	35	27	46	6	13	46	16	37	17	26	6	5	15	20	5	2	25	35	63	44	4	43	38	31	10	17	12	15	24	33	20	35	28	15	10	22	19	25	5	7	5	45	22	12	66	15	59	37	27	25	28	34	41	12	38	84	29	14	29	32	25	32	6	7	32	19	4	10	4	0	26	11	24	6	4	11	42	42	48	35	30	21	8	38	2	33	8	6	34	28	28	8	25	14	12	28	17	41	81	2	23	57	42	13	46	52	14	23	55	49	34	15	59	9	9	34	21	48	34	47	18	30	21	31	11	10	31	6	21	8	8	9	16	8	6	8	30	25	45	21	8	15	24	14	20	6	18	6	6	36	14	16	5	29	18	6	11	2	1	12	1	42	7	4	10	9	17	38	58	11	14	19	30	7	11	10	7	6	26	23	19	51	48	25	30	33	46	12	10	13	18	18	9	25	83	18	14	81	22	16	43	4	43	10	32	29	19	38	25	51	18	9	16	19	18	7	7	31	8	10	53	17	20	67	12	16	13	26	10	6	37	19	11	30	20	22	29	14	25	36	8	20	33	37	21	12	19	29	15	54	20	19	38	30	29	59	20	18	33	17	11	8	24	31	23	5	22	32	33	29	24	15	19	31	33	8	30	4	0	13	27	26	20	12	26	7	10	29	13	9	21	12	11	7	17	22	35	11	38	63	5	17	10	26	21	9	4	60	19	28	34	10	28	26	11	23	23	23	9	69	2	7	16	33	36	16	26	24	34	19	19	4	9	14	23	8	8	46	24	32	29	49	31	15	25	8	39	23	5	12	13	23	40	22	2	14	11	28	27	0	17	5	4	26	20	7	50	19	31	4	39	13	13	8	22	20	16	9	32	29	32	22	18	42	16	29	37	8	2	37	63	14	32	13	11	22	2	23	20	23	11	31	3	30	32	20	18	54	38	10	26	20	19	18	17	30	15	34	8	11	4	9	18	3	2	10	2	6	28	4	8	9	10	5	16	14	10	27	1	1	30	7	6	13	19	27	10	33	15	27	37	42	14	11	4	24	28	19	4	12	3	3	3	30	12	10	12	18	32	43	30	13	19	10	6	8	15	53	38	26	31	5	20	26	9	0	12	4	21	9	25	49	12	5	10	5	3	6	5	4	20	61
Hexb	3	81	2	6	1	3	16	12	26	33	22	18	47	55	16	25	10	11	11	10	58	26	8	11	9	3	10	3	7	38	25	53	4	4	14	32	69	31	28	58	62	21	7	10	52	20	39	6	8	23	11	11	3	5	2	8	37	30	2	0	1	8	27	21	47	33	27	25	19	25	37	48	14	14	1	33	3	33	20	4	8	8	5	2	9	34	1	13	6	22	47	30	44	16	17	9	29	20	42	34	15	19	10	11	27	8	61	6	9	3	4	2	38	7	12	13	17	24	24	15	18	17	21	11	41	16	2	13	7	11	7	27	21	15	11	4	1	24	2	6	5	5	9	58	50	75	33	13	42	12	10	39	38	31	9	94	48	1	12	29	47	2	96	1	22	19	23	4	10	6	26	18	58	44	48	12	57	12	40	18	9	24	28	22	33	4	1	40	18	4	0	3	10	25	24	9	27	25	8	37	34	50	22	8	53	19	16	25	10	16	19	22	21	23	23	11	37	1	5	48	14	1	34	10	1	28	32	32	68	19	19	59	58	29	7	29	29	53	17	4	12	35	11	5	15	9	4	27	22	8	5	2	29	12	15	12	32	25	36	78	53	4	33	32	17	13	18	21	12	7	48	11	9	2	1	18	43	32	0	19	3	20	30	40	10	52	82	64	51	58	59	16	15	8	24	40	12	5	10	19	4	8	21	2	3	64	28	27	14	0	1	7	9	25	22	29	54	8	42	30	34	9	32	56	13	30	62	26	7	12	8	19	45	89	2	26	61	61	40	7	3	6	14	29	27	21	80	31	26	31	35	55	14	17	70	38	12	29	18	21	14	71	9	6	9	10	16	24	0	8	2	8	3	17	28	14	13	31	37	42	40	21	6	1	27	11	13	9	13	11	4	6	0	1	4	2	51	24	1	10	7	2	41	42	15	21	7	66	29	26	32	20	4	16	9	32	23	19	14	9	26	15	23	1	2	3	14	2	2	5	15	16	73	27	51	35	13	53	24	17	40	6	70	26	82	40	6	6	7	12	10	114	36	38	0	19	7	2	20	23	32	22	16	124	26	55	16	55	20	11	15	6	14	25	31	0	19	23	1	72	0	2	50	4	19	4	2	26	6	32	50	24	34	31	32	17	40	8	20	39	4	29	9	39	10	23	3	56	51	13	0	77	1	0	1	19	7	4	9	39	22	26	11	10	8	31	37	18	2	102	12	12	11	18	20	15	44	2	16	22	8	4	37	9	7	9	12	10	23	18	16	26	90	18	52	12	6	15	12	9	12	40	38	39	51	8	7	10	0	8	11	1	23	13	17	35	40	6	15	29	8	44	51	2	28	7	26	25	10	5	22	20	17	7	5	16	1	3	8	12	27	25	39	17	22	79	6	9	36	93	18	14	14	39	35	34	30	17	34	10	14	98	4	0	12	14	3	16	13	25	32	7	43	42	57	13	31	13	16	36	21	21	28	28	13	27	8	6	8	1	15	5	8	4	15	42	18	18	2	14	46	10	7	11	2	14	65	15	13	13	16	8	18	12	1	4	3	9	18	19	21	63	72	12	43	29	46	42	13	17	18	28	5	2	19	12	16	6	21	17	25	18	32	14	23	18	12	10	17	0	6	2	45	109	20	96	6	7	42	3	0	43	15	29	3	16	38	23	17	2	10	12	9	10	1	9	17
Ttr	7	9	1	1	8	6	11	5	1	6	11	3	2	4	2	7	4	37	5	3	2	9	6	0	0	2	14	1	2	5	3	2	7	5	33	24	17	8	14	6	8	5	2	5	11	13	13	0	11	15	8	3	0	2	1	24	2	3	12	0	23	12	11	9	6	5	6	3	6	0	4	5	4	5	0	5	3	10	6	3	4	5	2	0	4	8	2	5	8	18	7	3	4	4	11	9	6	7	7	7	5	8	4	6	5	4	11	0	16	5	15	6	4	1	9	8	6	11	4	4	2	0	4	0	15	7	3	7	3	5	5	2	5	9	6	8	9	9	0	2	1	8	16	18	7	5	12	2	7	0	11	7	7	17	5	18	8	5	31	11	2	12	14	1	7	11	9	2	14	18	17	10	19	7	22	7	9	4	14	22	8	4	15	10	6	2	29	6	18	0	1	1	1	5	1	23	56	20	5	5	5	6	0	3	6	19	6	2	3	8	12	10	7	14	1	6	2	4	2	8	1	2	5	30	0	14	14	11	3	6	10	15	4	6	9	15	18	14	0	7	24	7	15	7	13	6	0	4	2	1	1	0	42	15	21	1	42	14	4	23	1	1	7	4	6	13	4	3	3	5	5	11	7	3	4	7	8	4	1	19	3	30	10	10	11	24	11	13	6	7	9	6	7	12	20	6	20	11	0	13	9	4	3	4	0	20	12	12	0	0	13	26	25	20	11	15	16	12	14	6	6	2	8	20	39	5	13	6	10	32	16	2	17	14	4	1	8	7	9	21	24	10	9	22	6	4	5	13	2	5	19	15	6	31	13	26	14	9	3	3	8	24	3	4	7	6	3	9	2	12	4	9	22	13	10	18	3	14	11	14	4	7	3	0	17	5	8	2	14	12	4	9	3	1	14	2	13	6	3	21	7	2	7	13	3	12	13	27	10	1	9	2	1	13	9	9	21	11	9	18	26	1	2	3	5	1	43	32	24	23	12	8	17	11	20	16	13	13	13	12	0	7	49	16	15	12	1	0	10	19	12	10	31	10	0	16	8	12	20	11	4	11	9	9	11	6	19	6	52	15	12	19	5	5	16	6	18	21	14	18	6	7	31	3	73	13	7	34	17	19	15	16	12	8	5	27	13	6	13	8	1	8	14	17	13	12	11	9	4	6	3	15	9	0	1	27	11	18	16	13	18	19	23	3	14	15	19	10	9	15	11	14	39	30	17	7	29	5	10	36	9	1	12	48	33	10	7	10	5	8	7	11	20	4	18	1	2	17	14	15	2	11	20	15	44	5	13	8	7	4	8	4	28	4	4	12	14	39	8	12	3	15	13	0	12	11	12	34	1	3	15	2	8	18	1	15	0	6	7	9	9	15	8	24	2	22	0	2	6	15	2	7	1	26	26	31	7	5	10	15	15	79	5	0	24	11	8	38	10	8	7	3	12	6	9	1	13	2	12	9	25	11	15	38	3	4	8	6	10	1	21	6	11	0	0	4	15	4	6	4	21	2	3	11	13	20	10	8	17	33	10	9	14	10	1	25	1	3	8	6	9	6	43	16	19	30	22	5	2	6	7	15	9	5	6	4	3	5	26	12	27	18	18	6	24	11	17	53	13	0	12	2	28	27	31	12	1	22	18	25	6	35	2	21	18	9	21	9	49	13	1	2	3	1	1	9	7
Foxj1	3	6	0	1	5	50	9	3	7	9	5	7	10	5	5	5	7	8	14	1	1	6	6	4	1	10	3	2	3	3	9	3	6	5	48	4	25	4	8	7	14	5	2	0	17	4	13	2	6	18	3	7	4	0	1	6	0	9	1	0	1	7	8	5	15	11	4	15	5	6	2	10	4	3	0	8	1	6	2	0	0	8	1	4	3	1	1	11	4	7	5	14	6	5	5	7	4	6	11	11	9	3	3	4	7	7	14	0	4	0	0	1	8	3	8	3	5	8	7	4	2	1	4	0	1	5	0	0	3	2	4	5	4	5	2	0	4	3	2	4	23	2	9	11	19	7	24	1	8	2	3	10	5	4	6	4	2	1	5	9	3	0	4	0	0	0	6	1	12	6	8	5	2	7	8	2	4	2	12	12	10	2	1	11	4	0	2	12	12	8	0	0	1	3	0	73	3	12	6	14	9	3	2	3	5	4	4	2	4	4	10	5	5	7	2	5	2	2	6	12	4	4	3	108	0	13	6	10	2	2	7	4	4	4	3	6	12	9	7	4	7	13	18	2	8	2	1	3	1	3	8	0	47	2	18	1	15	6	2	10	3	1	4	9	0	2	2	6	1	1	8	0	4	0	0	4	8	3	2	15	3	26	4	2	1	13	6	21	3	5	13	5	4	4	1	26	10	4	0	2	3	18	7	10	1	24	4	19	2	2	33	6	4	17	4	3	9	4	29	4	9	2	11	14	2	2	3	13	4	14	6	5	49	54	6	7	9	7	14	108	2	5	3	24	17	5	2	35	6	11	6	7	3	4	4	4	2	23	3	7	3	31	0	11	20	1	4	9	0	8	5	9	2	19	7	19	7	9	40	28	5	3	5	0	9	6	4	2	8	5	2	1	0	1	4	4	18	4	1	0	4	1	1	3	2	9	2	4	15	7	2	2	4	12	3	2	2	2	1	7	1	5	2	0	0	0	3	67	2	10	7	6	11	5	21	3	2	7	9	11	59	5	10	14	10	12	0	2	12	5	1	2	11	2	1	73	40	4	0	10	4	3	18	6	12	18	10	13	7	3	13	4	4	4	7	0	8	7	2	10	0	2	5	13	228	13	4	33	10	13	11	1	21	5	9	3	9	17	7	9	1	9	10	8	6	4	1	8	11	2	4	8	1	0	4	7	12	16	8	7	18	7	6	27	3	9	9	11	1	2	12	6	1	5	3	4	3	2	4	7	1	1	10	5	4	3	4	0	5	1	6	16	3	4	11	2	0	4	7	1	1	15	1	12	19	4	1	2	1	3	2	4	13	2	19	5	5	14	11	20	8	18	28	5	13	1	12	16	22	2	14	3	13	13	2	6	0	2	5	1	8	0	1	5	2	38	2	1	14	15	2	6	0	17	9	9	5	2	8	3	8	6	0	0	4	4	2	6	3	4	8	1	14	4	12	2	12	6	9	13	9	6	9	10	6	2	3	10	1	2	6	2	3	3	21	9	6	1	15	5	11	1	1	6	2	7	7	3	2	5	4	3	11	0	2	1	1	10	10	14	11	20	9	5	20	13	10	5	2	3	5	8	3	3	5	4	3	5	10	8	18	8	4	4	7	10	3	7	4	0	14	1	5	32	12	21	10	8	2	1	0	4	4	6	4	6	9	9	3	9	1	2	2	1	0	4	4
Vtn	2	53	3	1	2	7	9	4	3	10	5	7	13	9	2	10	7	15	2	2	0	14	4	3	1	4	5	4	13	6	6	0	6	3	70	21	15	8	1	12	0	9	3	7	22	15	6	0	6	9	1	3	3	31	6	39	12	2	2	0	10	8	17	6	11	8	5	9	6	3	3	12	3	2	0	10	3	10	0	0	2	6	10	6	3	8	0	15	48	10	9	4	12	9	46	4	3	15	33	17	4	12	0	6	4	11	7	1	6	10	39	33	8	2	4	20	4	6	4	15	1	2	4	0	3	17	4	6	5	9	3	5	11	9	7	15	5	45	4	4	0	11	44	22	14	7	15	5	19	0	13	78	8	9	13	9	6	6	10	11	1	7	28	11	43	10	8	1	12	12	31	2	16	8	12	5	9	2	2	94	40	15	151	17	11	1	4	9	20	2	1	26	28	9	0	30	39	17	1	7	4	5	3	5	23	0	5	4	3	3	12	35	20	25	5	4	36	6	2	7	2	1	0	29	1	13	8	5	5	10	11	27	5	2	10	14	8	26	6	4	12	5	16	10	13	31	2	6	8	6	3	0	31	14	17	3	26	13	3	17	4	1	6	22	5	8	14	18	8	8	11	14	5	3	23	7	21	8	3	29	25	43	4	6	40	9	14	12	6	17	17	8	7	14	11	16	22	4	1	10	26	10	114	3	1	64	13	16	0	12	7	35	39	21	37	10	4	7	7	8	6	2	8	29	16	4	3	8	3	10	16	21	18	100	0	4	7	44	9	26	31	7	7	28	3	2	6	8	9	2	6	13	5	28	7	16	7	13	7	12	7	20	6	45	6	3	3	8	0	3	3	18	16	17	11	20	10	10	7	10	3	4	11	3	18	2	31	1	4	10	5	3	2	1	37	3	6	6	2	8	17	3	8	2	8	14	7	11	3	0	7	3	49	11	11	7	7	6	16	10	11	3	15	2	38	0	24	31	14	21	16	4	23	24	18	16	5	15	4	10	40	9	17	9	14	7	0	6	24	5	4	29	152	24	4	21	17	20	44	6	10	5	3	6	18	34	8	9	20	11	11	13	5	12	11	6	8	33	9	25	8	36	73	3	30	26	17	17	20	10	22	8	5	8	3	0	4	7	4	9	10	24	12	10	14	13	6	10	3	7	3	12	12	1	10	54	16	12	12	7	22	6	11	21	15	9	6	27	1	2	3	12	10	28	12	6	18	4	40	31	13	1	160	4	7	10	12	39	29	4	7	13	29	4	8	4	7	10	15	18	5	4	47	31	17	3	6	4	2	21	63	6	25	10	9	11	23	16	10	17	3	19	15	0	26	4	14	64	6	6	14	5	6	19	0	12	0	9	75	7	13	22	6	21	4	14	6	3	4	8	10	7	2	17	33	42	6	6	11	10	14	29	9	8	145	13	25	12	10	15	7	0	15	2	10	10	19	2	38	14	11	5	13	23	1	13	15	15	22	4	97	5	11	0	10	2	8	13	3	1	13	1	6	23	2	7	12	6	10	13	13	3	10	3	2	5	0	2	29	3	10	3	18	10	22	25	14	9	7	8	7	6	44	4	9	13	1	3	21	11	39	13	25	22	30	14	8	6	5	0	78	15	25	53	40	17	1	43	42	34	2	30	10	12	16	11	30	4	40	11	4	0	0	6	1	21	66
Flt1	0	33	8	1	0	0	0	0	1	2	1	0	2	9	0	0	0	5	1	0	0	8	0	3	0	0	4	0	0	0	0	0	0	0	0	0	0	13	0	2	2	0	0	2	0	0	6	0	0	0	0	0	7	28	12	40	35	0	0	0	0	3	0	0	1	1	1	0	1	0	1	0	14	1	0	0	0	1	0	0	0	0	24	11	0	0	0	23	1	2	1	1	41	2	11	0	4	3	14	4	0	28	1	1	1	0	1	0	4	16	57	35	0	0	7	7	2	0	0	1	0	1	1	0	6	1	0	1	0	0	0	0	1	7	13	6	1	23	0	2	0	0	2	7	0	0	0	0	0	0	0	13	0	0	9	1	0	0	1	0	0	1	22	19	33	0	0	0	2	0	1	2	2	4	0	0	5	0	0	24	15	0	80	0	3	0	1	6	2	0	0	43	24	0	0	11	2	1	0	1	0	6	1	6	4	2	0	2	2	0	6	9	0	3	0	1	3	6	0	3	0	0	1	0	0	1	1	0	0	1	5	2	5	0	0	11	1	5	0	0	0	5	6	0	5	7	0	0	0	0	0	0	6	2	0	0	11	8	0	7	5	0	0	1	0	1	0	4	0	8	3	0	1	0	8	3	0	0	0	0	1	0	4	0	36	0	15	16	0	1	12	0	1	0	3	12	0	0	2	12	16	36	31	2	0	8	5	2	0	0	0	2	32	28	7	0	8	0	4	0	1	1	12	0	0	5	14	1	0	10	1	0	33	119	6	0	1	0	3	0	1	1	25	0	18	0	4	0	3	13	4	1	11	23	1	0	0	12	1	3	1	57	1	0	9	0	7	0	0	0	0	0	1	1	2	1	0	9	8	2	1	0	0	2	3	2	16	8	3	16	1	0	0	0	6	4	2	0	1	3	0	0	15	2	1	0	0	13	0	0	9	0	0	18	0	0	2	0	0	0	16	0	11	0	7	0	34	0	0	16	6	8	0	15	5	1	0	3	0	0	30	0	0	2	0	8	0	0	0	2	0	44	95	18	0	9	0	0	2	0	8	3	0	1	0	0	0	12	3	1	4	0	3	0	5	0	0	6	2	0	0	5	17	1	1	21	14	9	0	0	5	3	0	0	3	0	3	1	1	5	0	12	0	6	0	7	1	0	0	0	0	16	13	0	1	24	8	3	0	3	8	0	0	0	0	0	1	8	0	1	0	2	2	0	3	8	2	3	10	1	0	2	41	0	37	3	0	9	2	0	7	0	6	12	1	6	10	20	1	0	0	5	3	23	20	0	0	4	4	0	23	0	17	0	3	13	0	0	7	4	0	1	0	0	34	2	3	8	14	0	2	0	0	6	0	2	0	3	2	8	0	20	0	1	2	0	2	1	0	4	0	0	17	14	4	6	0	0	4	20	0	0	1	0	42	0	0	0	7	0	2	0	13	11	5	5	9	0	2	5	2	0	0	4	0	21	0	1	6	20	7	3	4	0	0	0	0	18	0	0	0	0	1	8	1	4	6	0	0	0	1	2	1	1	0	0	0	0	2	8	19	1	3	17	19	10	1	16	0	2	0	8	1	0	22	14	0	1	0	1	11	15	4	4	7	1	22	4	1	0	11	8	31	46	2	0	0	16	6	0	0	10	0	19	0	0	5	2	92	7	0	0	3	1	3	1	3
Apln	5	20	0	8	6	3	16	7	8	14	3	1	4	10	0	8	10	24	2	1	4	13	9	1	0	3	5	10	8	4	5	5	4	20	74	14	3	18	4	9	16	9	3	10	10	6	5	0	4	5	5	4	7	6	1	14	2	8	7	3	15	17	14	12	6	9	4	7	6	8	3	6	6	8	3	9	4	6	2	1	1	5	2	6	4	7	8	11	14	9	4	7	40	2	12	13	19	14	16	10	3	9	6	3	9	7	9	3	19	3	5	8	7	3	9	9	5	8	5	37	3	4	7	4	25	5	8	4	7	16	4	13	7	8	4	15	5	3	4	2	2	11	23	20	2	8	20	2	13	1	8	8	16	19	16	8	8	5	5	14	2	8	17	1	8	1	3	3	28	22	36	4	8	22	12	13	10	4	7	8	6	8	10	10	14	2	5	4	8	2	2	3	1	8	2	28	65	22	3	18	8	7	2	1	10	10	5	5	12	4	2	15	17	13	2	13	7	10	1	7	4	9	4	20	3	41	26	14	7	5	19	8	6	5	2	16	8	12	5	3	18	9	2	9	10	16	3	11	5	2	7	2	48	36	23	3	16	23	9	16	6	4	3	10	9	13	5	10	5	12	5	9	8	0	2	10	20	12	3	18	17	53	13	9	7	19	8	17	6	29	22	5	7	14	17	11	18	5	2	16	5	2	7	4	2	18	10	38	0	12	18	55	45	32	15	20	12	4	7	4	20	3	21	25	23	8	13	9	9	30	14	8	62	18	3	7	19	9	10	24	33	14	12	27	19	7	8	7	5	6	8	19	8	32	14	20	4	9	9	9	4	30	5	19	17	7	5	6	4	14	10	15	23	31	12	10	4	18	17	8	7	11	2	0	17	13	12	2	8	11	7	4	0	1	17	2	21	15	18	13	15	5	5	6	9	19	2	13	7	6	9	9	2	9	5	12	12	8	6	16	11	17	2	2	2	2	15	29	7	34	10	18	25	4	16	9	7	8	4	8	4	12	16	15	23	16	0	2	11	1	3	22	11	6	0	60	27	6	69	12	10	9	22	14	12	76	8	60	24	15	15	13	8	32	26	4	18	58	4	27	12	20	35	5	37	18	22	31	35	24	49	24	16	12	8	11	7	16	8	17	21	14	10	17	7	23	14	23	17	18	12	13	6	1	5	25	17	13	3	30	11	17	11	17	15	42	7	12	0	11	15	19	12	24	31	14	50	7	21	22	19	8	27	9	22	23	15	29	24	8	19	54	20	9	16	2	12	10	42	31	9	23	29	30	35	11	9	10	1	7	14	10	46	12	28	18	22	33	7	23	12	38	18	4	16	10	19	50	9	6	28	15	19	37	1	21	0	2	4	13	24	29	9	29	12	28	12	8	18	16	10	21	6	41	42	55	33	16	25	14	40	79	24	1	22	44	15	44	17	11	15	2	24	27	15	22	23	5	35	20	28	21	32	43	10	21	8	13	10	3	44	5	10	31	12	12	13	4	2	2	16	5	3	24	21	10	14	36	10	23	13	8	16	7	3	3	6	9	8	14	29	30	58	17	36	42	23	18	7	16	64	25	19	1	18	4	2	11	23	15	14	15	35	47	60	67	33	24	9	4	12	9	47	76	65	74	1	30	20	52	10	14	4	73	29	24	38	23	55	12	8	9	7	15	0	14	36
Acta2	10	15	3	5	6	12	40	7	3	10	5	2	7	16	2	18	2	14	3	4	3	12	15	2	3	5	2	7	6	6	10	4	12	16	81	53	19	24	11	16	6	11	3	5	21	12	32	2	17	2	21	6	9	17	1	22	2	1	0	3	6	15	26	3	17	7	1	11	4	4	2	7	8	5	1	8	1	6	6	1	4	6	7	1	5	6	4	8	54	32	9	12	18	4	18	6	4	10	16	13	7	15	5	11	21	3	5	4	11	2	11	9	7	4	19	12	20	5	11	4	6	5	2	2	9	5	4	8	4	5	4	4	4	8	5	12	5	8	1	8	5	12	46	24	12	14	18	0	7	1	9	60	7	17	10	11	3	10	5	12	1	7	31	0	0	0	7	3	57	20	36	6	19	8	5	5	11	2	6	30	15	8	101	7	14	1	11	2	13	0	3	12	1	5	2	31	64	18	8	12	9	4	1	5	10	10	3	11	8	3	7	13	6	13	2	12	10	11	0	7	7	0	2	19	1	39	11	16	14	1	13	17	10	6	4	14	20	14	4	6	15	12	20	6	20	1	1	2	4	4	6	15	17	26	20	1	8	7	8	15	5	4	6	19	12	8	10	1	13	6	5	3	8	0	6	9	15	9	9	63	23	34	23	11	9	13	4	25	6	30	16	10	9	14	16	9	9	5	2	5	2	48	5	11	1	26	16	14	0	20	22	62	28	27	24	18	11	11	14	14	9	3	14	26	10	2	6	30	9	32	15	3	16	191	11	4	7	12	9	28	30	7	12	17	22	12	3	8	3	5	11	8	4	8	9	14	1	9	1	5	4	39	4	6	15	0	4	3	4	1	18	18	19	13	12	3	15	8	14	11	7	27	0	2	11	7	15	1	9	9	3	4	0	12	5	2	10	6	1	24	10	17	5	18	10	5	6	5	1	1	4	3	1	12	11	3	15	6	24	15	13	8	2	0	5	0	19	8	20	39	7	10	24	5	31	13	5	6	1	12	19	10	15	15	5	18	1	4	8	6	9	4	10	12	1	25	39	14	47	11	16	6	9	30	7	25	3	9	24	1	26	10	5	12	12	2	17	34	10	12	2	6	21	5	31	13	18	32	22	17	15	9	9	14	9	11	2	7	10	19	0	18	12	15	7	14	7	13	23	6	1	5	2	0	4	27	27	20	8	16	10	14	10	10	19	8	3	6	0	11	11	10	19	42	10	4	19	3	14	17	3	4	28	48	19	38	7	15	11	8	16	15	11	5	16	1	10	17	17	12	2	7	11	12	8	2	2	4	4	15	11	11	27	12	8	19	23	13	6	25	3	30	20	1	14	5	14	35	11	1	13	2	34	31	0	8	1	4	18	6	14	30	17	24	8	13	7	4	10	13	10	7	3	21	12	17	5	4	15	6	4	25	1	2	20	32	8	13	3	11	19	1	14	10	12	3	13	4	12	16	6	11	14	15	5	11	2	9	4	0	9	6	5	9	8	3	5	3	2	4	3	11	1	12	8	8	9	13	7	9	15	9	15	3	3	2	1	1	6	6	9	3	11	5	8	9	20	7	5	3	11	7	7	0	10	3	6	6	11	6	3	14	14	11	12	5	10	7	2	2	5	3	19	15	21	12	4	10	14	12	0	2	2	11	13	19	16	4	75	9	5	3	7	5	0	1	8
